	acc_per	loss	epochs	df_test_%	positives	count	mean	std	min	25%	50%	60%	70%	75%	80%	85%	86%	87%	88%	89%	90%	91%	92%	93%	94%	95%	96%	97%	98%	max
TFm_UBER_neg_vgood16_mult_28	73.28	0.54	10.0	27.3	20.0	275.0	0.5294	0.1466	0.2407	0.4197	0.519	0.5511	0.5881	0.6326	0.6623	0.7173	0.7222	0.7258	0.7322	0.7395	0.7515	0.7545	0.7595	0.7626	0.7727	0.7814	0.8014	0.8107	0.815	0.8735
TFm_UBER_neg_vgood16_mult_28_per	-1.0	-1.0	-1.0	-1.0	-1.0	-1.0	-1.0	-1.0	-1.0	8.74	10.14	10.91	14.46	15.94	18.18	19.05	20.51	22.22	21.21	22.58	25.0	28.0	31.82	35.0	41.18	50.0	54.55	55.56	66.67	-1.0
TFm_UBER_neg_vgood16_mult_64	81.27	0.45	19.0	24.4	20.0	275.0	0.4542	0.2545	0.0164	0.2167	0.4891	0.5866	0.6407	0.6611	0.6829	0.7194	0.726	0.7289	0.755	0.762	0.7633	0.7658	0.7795	0.7957	0.824	0.84	0.8534	0.8669	0.8855	0.9706
TFm_UBER_neg_vgood16_mult_64_per	-1.0	-1.0	-1.0	-1.0	-1.0	-1.0	-1.0	-1.0	-1.0	8.74	9.42	11.82	13.25	13.04	16.36	16.67	17.95	19.44	21.21	22.58	21.43	24.0	27.27	30.0	29.41	35.71	45.45	44.44	66.67	-1.0
TFm_UBER_neg_vgood16_mult_128	82.51	0.39	13.0	26.1	20.0	275.0	0.5126	0.2375	0.0712	0.2893	0.5748	0.6452	0.6859	0.7083	0.7197	0.7404	0.7516	0.7641	0.7686	0.7708	0.7775	0.788	0.7956	0.8137	0.8305	0.8354	0.841	0.876	0.8986	0.9661
TFm_UBER_neg_vgood16_mult_128_per	-1.0	-1.0	-1.0	-1.0	-1.0	-1.0	-1.0	-1.0	-1.0	7.28	9.42	11.82	13.25	14.49	16.07	21.43	23.08	22.22	24.24	25.81	25.0	24.0	27.27	30.0	29.41	35.71	45.45	44.44	66.67	-1.0
TFm_UBER_neg_vgood16_mult_conv2	86.28	0.35	10.0	17.9	20.0	275.0	0.6032	0.2029	0.1505	0.4345	0.6344	0.7195	0.7656	0.7814	0.8018	0.8171	0.8192	0.8207	0.8248	0.8275	0.8317	0.8331	0.8377	0.8437	0.848	0.8567	0.876	0.88	0.8994	0.9422
TFm_UBER_neg_vgood16_mult_conv2_per	-1.0	-1.0	-1.0	-1.0	-1.0	-1.0	-1.0	-1.0	-1.0	8.25	8.76	9.09	7.23	7.25	9.26	11.9	12.82	13.89	15.15	16.13	17.86	20.0	18.18	20.0	23.53	28.57	36.36	44.44	50.0	-1.0
TFm_UBER_neg_vgood16_mult_conv	76.66	0.49	11.0	27.3	20.0	275.0	0.529	0.2108	0.1473	0.3175	0.595	0.635	0.6655	0.6796	0.6968	0.7423	0.7475	0.7498	0.7557	0.7671	0.7942	0.8215	0.8249	0.8271	0.8308	0.835	0.8434	0.8634	0.8946	0.9528
TFm_UBER_neg_vgood16_mult_conv_per	-1.0	-1.0	-1.0	-1.0	-1.0	-1.0	-1.0	-1.0	-1.0	7.77	9.42	11.82	13.25	14.71	14.55	16.67	17.95	19.44	21.21	22.58	25.0	28.0	31.82	35.0	41.18	42.86	45.45	55.56	66.67	-1.0
TFm_UBER_neg_vgood16__simp_cordo	65.21	0.62	11.0	15.9	20.0	275.0	0.5609	0.143	0.2443	0.4587	0.5712	0.6149	0.6689	0.6806	0.6956	0.71	0.7125	0.7186	0.7339	0.7411	0.7455	0.7557	0.7625	0.7662	0.7694	0.7706	0.7717	0.7737	0.7892	0.8129
TFm_UBER_neg_vgood16__simp_cordo_per	-1.0	-1.0	-1.0	-1.0	-1.0	-1.0	-1.0	-1.0	-1.0	7.77	9.42	11.82	13.41	14.49	18.18	19.51	20.51	22.22	24.24	25.81	25.0	16.0	4.55	0.0	0.0	0.0	0.0	0.0	0.0	-1.0
TFm_UBER_neg_vgood16_mult_linear	63.46	0.62	10.0	21.1	20.0	275.0	0.508	0.1551	0.2287	0.3848	0.4919	0.5288	0.5637	0.5919	0.6397	0.6978	0.7028	0.7112	0.7254	0.7413	0.7724	0.7797	0.782	0.7847	0.7904	0.8003	0.8093	0.8218	0.8431	0.9083
TFm_UBER_neg_vgood16_mult_linear_per	-1.0	-1.0	-1.0	-1.0	-1.0	-1.0	-1.0	-1.0	-1.0	7.77	10.14	11.82	14.46	15.94	18.18	19.05	20.51	22.22	24.24	22.58	21.43	20.0	18.18	20.0	5.88	7.14	0.0	0.0	0.0	-1.0
TFm_UBER_neg_vgood16_mult_dense2	73.08	0.51	19.0	29.6	20.0	275.0	0.5053	0.1913	0.0235	0.3647	0.566	0.5871	0.6056	0.6155	0.6298	0.6404	0.6468	0.6519	0.6562	0.6735	0.6847	0.7109	0.717	0.7274	0.7373	0.7534	0.7685	0.7887	0.8481	0.9465
TFm_UBER_neg_vgood16_mult_dense2_per	-1.0	-1.0	-1.0	-1.0	-1.0	-1.0	-1.0	-1.0	-1.0	7.77	8.7	9.09	9.64	11.59	14.29	19.05	20.51	22.22	24.24	25.81	28.57	32.0	31.82	35.0	29.41	35.71	45.45	55.56	66.67	-1.0
TFm_UBER_neg_vgood16_mult_lstm	81.14	0.41	14.0	29.6	20.0	275.0	0.4974	0.2128	0.0556	0.3122	0.6218	0.6344	0.6374	0.6397	0.6461	0.6509	0.6521	0.6534	0.6625	0.6745	0.6785	0.6815	0.6861	0.6908	0.6935	0.7013	0.7469	0.8423	0.8949	0.9914
TFm_UBER_neg_vgood16_mult_lstm_per	-1.0	-1.0	-1.0	-1.0	-1.0	-1.0	-1.0	-1.0	-1.0	8.25	10.22	11.82	13.25	16.18	18.18	23.81	25.64	25.0	24.24	25.81	28.57	32.0	31.82	35.0	35.29	42.86	54.55	66.67	66.67	-1.0
TFm_UBER_neg_vgood16__mult_gru	72.63	0.53	8.0	30.3	20.0	275.0	0.6847	0.1084	0.443	0.6146	0.6881	0.7109	0.7519	0.7634	0.7957	0.8038	0.8058	0.809	0.8156	0.8194	0.8229	0.8353	0.8441	0.8499	0.8543	0.8592	0.8642	0.8763	0.8829	0.8984
TFm_UBER_neg_vgood16__mult_gru_per	-1.0	-1.0	-1.0	-1.0	-1.0	-1.0	-1.0	-1.0	-1.0	8.25	10.87	11.82	15.66	15.94	18.18	21.95	23.08	25.0	24.24	25.81	28.57	32.0	36.36	35.0	35.29	35.71	36.36	44.44	16.67	-1.0
TFm_UBER_neg_good9_mult_28	79.32	0.46	8.0	8.1	9.0	261.0	0.5342	0.0898	0.2759	0.4801	0.5442	0.5616	0.5791	0.5944	0.6092	0.6268	0.6281	0.6344	0.6397	0.6418	0.6485	0.6494	0.652	0.6544	0.6624	0.6786	0.6823	0.6944	0.7063	0.7529
TFm_UBER_neg_good9_mult_28_per	-1.0	-1.0	-1.0	-1.0	-1.0	-1.0	-1.0	-1.0	-1.0	4.1	5.38	5.77	6.33	6.15	5.66	5.0	5.41	5.88	6.25	6.9	7.69	8.33	9.09	10.53	12.5	14.29	18.18	12.5	16.67	-1.0
TFm_UBER_neg_good9_mult_64	87.35	0.33	8.0	0.0	9.0	261.0	0.4436	0.127	0.2175	0.3198	0.4366	0.5031	0.5382	0.5496	0.5657	0.5811	0.5879	0.5896	0.5943	0.5987	0.603	0.6138	0.6196	0.6218	0.634	0.6427	0.6485	0.6667	0.6777	0.7484
TFm_UBER_neg_good9_mult_64_per	-1.0	-1.0	-1.0	-1.0	-1.0	-1.0	-1.0	-1.0	-1.0	4.59	5.34	3.81	3.85	3.08	3.85	0.0	0.0	0.0	0.0	0.0	0.0	0.0	0.0	0.0	0.0	0.0	0.0	0.0	0.0	-1.0
TFm_UBER_neg_good9_mult_128	92.3	0.21	8.0	5.8	9.0	261.0	0.4436	0.1895	0.1028	0.273	0.439	0.5132	0.5671	0.5871	0.628	0.6554	0.6582	0.6789	0.6886	0.7007	0.7101	0.7177	0.7255	0.73	0.7384	0.7539	0.7657	0.7918	0.8049	0.8405
TFm_UBER_neg_good9_mult_128_per	-1.0	-1.0	-1.0	-1.0	-1.0	-1.0	-1.0	-1.0	-1.0	4.62	3.85	2.88	3.75	4.62	5.77	5.13	5.41	5.88	6.25	6.9	7.41	4.17	4.76	5.26	6.25	7.14	9.09	12.5	0.0	-1.0
TFm_UBER_neg_good9_mult_conv2	89.76	0.25	9.0	4.1	9.0	261.0	0.3596	0.2075	0.0737	0.1521	0.3371	0.4018	0.52	0.5575	0.5896	0.6086	0.6126	0.6194	0.6237	0.6334	0.6379	0.6447	0.6542	0.6644	0.6681	0.6702	0.6882	0.7111	0.7634	0.817
TFm_UBER_neg_good9_mult_conv2_per	-1.0	-1.0	-1.0	-1.0	-1.0	-1.0	-1.0	-1.0	-1.0	4.62	4.58	3.85	2.53	1.52	1.89	2.56	2.7	2.94	3.03	3.45	3.85	4.17	4.76	5.26	6.25	7.14	9.09	12.5	16.67	-1.0
TFm_UBER_neg_good9_mult_conv	94.91	0.14	21.0	11.9	9.0	261.0	0.3396	0.3075	0.0006	0.0775	0.2474	0.333	0.4705	0.5793	0.6872	0.7745	0.7944	0.8065	0.8222	0.8362	0.8419	0.8588	0.8871	0.8947	0.9083	0.9182	0.9295	0.9414	0.9578	0.973
TFm_UBER_neg_good9_mult_conv_per	-1.0	-1.0	-1.0	-1.0	-1.0	-1.0	-1.0	-1.0	-1.0	4.62	6.15	6.67	7.59	9.09	9.62	10.0	10.81	11.76	12.5	10.34	11.11	12.5	14.29	10.53	11.76	14.29	18.18	25.0	33.33	-1.0
TFm_UBER_neg_good9__simp_cordo	78.78	0.48	9.0	8.2	9.0	261.0	0.5022	0.0963	0.3444	0.4025	0.5176	0.5444	0.5658	0.5723	0.5883	0.6145	0.6174	0.6218	0.6263	0.63	0.6344	0.6419	0.6503	0.6535	0.6563	0.6575	0.6588	0.6618	0.6665	0.7035
TFm_UBER_neg_good9__simp_cordo_per	-1.0	-1.0	-1.0	-1.0	-1.0	-1.0	-1.0	-1.0	-1.0	4.08	5.34	3.85	2.53	3.08	3.77	4.88	5.41	5.88	6.25	6.9	7.69	8.33	9.52	10.53	12.5	7.69	9.09	12.5	0.0	-1.0
TFm_UBER_neg_good9_mult_linear	78.05	0.49	16.0	8.2	9.0	261.0	0.4446	0.2774	0.0001	0.1859	0.4092	0.5773	0.6542	0.6894	0.7276	0.7784	0.7878	0.7964	0.808	0.8141	0.8252	0.8306	0.8489	0.8548	0.862	0.8825	0.9049	0.9092	0.9224	0.9872
TFm_UBER_neg_good9_mult_linear_per	-1.0	-1.0	-1.0	-1.0	-1.0	-1.0	-1.0	-1.0	-1.0	4.59	3.82	2.86	3.8	3.08	3.85	5.0	5.41	5.88	6.25	6.9	7.69	8.33	9.52	10.53	12.5	14.29	18.18	12.5	16.67	-1.0
TFm_UBER_neg_good9_mult_dense2	88.76	0.27	10.0	2.4	9.0	261.0	0.3669	0.322	0.0017	0.0671	0.204	0.5407	0.6948	0.7311	0.7504	0.7667	0.7682	0.7738	0.7756	0.7779	0.7822	0.7841	0.7861	0.7881	0.7911	0.7945	0.7958	0.8028	0.8078	0.866
TFm_UBER_neg_good9_mult_dense2_per	-1.0	-1.0	-1.0	-1.0	-1.0	-1.0	-1.0	-1.0	-1.0	4.62	4.62	3.81	3.8	3.08	3.77	5.13	2.7	2.94	3.12	3.45	3.85	4.17	0.0	0.0	0.0	0.0	0.0	0.0	0.0	-1.0
TFm_UBER_neg_good9_mult_lstm	95.11	0.14	11.0	16.3	9.0	261.0	0.2349	0.3232	0.0	0.0035	0.0537	0.0905	0.2513	0.4009	0.6227	0.7737	0.7845	0.7951	0.8014	0.8096	0.822	0.8305	0.8494	0.8727	0.8864	0.9043	0.9152	0.9326	0.9383	0.9652
TFm_UBER_neg_good9_mult_lstm_per	-1.0	-1.0	-1.0	-1.0	-1.0	-1.0	-1.0	-1.0	-1.0	4.59	4.62	5.71	6.33	7.58	9.43	10.0	10.81	11.76	12.5	13.79	14.81	16.67	19.05	21.05	18.75	15.38	9.09	0.0	0.0	-1.0
TFm_UBER_neg_good9__mult_gru	91.23	0.23	9.0	4.1	9.0	261.0	0.4123	0.2273	0.0458	0.2123	0.4133	0.4809	0.5647	0.5956	0.6389	0.6835	0.6876	0.6927	0.7001	0.709	0.7186	0.7252	0.7565	0.7689	0.778	0.7873	0.794	0.805	0.8252	0.8934
TFm_UBER_neg_good9__mult_gru_per	-1.0	-1.0	-1.0	-1.0	-1.0	-1.0	-1.0	-1.0	-1.0	4.59	5.34	5.71	5.13	3.08	1.92	2.5	2.7	2.94	3.12	3.45	3.7	4.17	4.76	5.26	6.25	8.33	9.09	12.5	16.67	-1.0
TFm_UBER_neg_reg4_mult_28	84.82	0.41	8.0	0.0	8.0	261.0	0.4932	0.1021	0.2671	0.4201	0.4876	0.524	0.5555	0.5683	0.5856	0.6097	0.613	0.6178	0.6233	0.6311	0.6358	0.6377	0.6467	0.65	0.6554	0.6634	0.6693	0.6769	0.6863	0.7228
TFm_UBER_neg_reg4_mult_28_per	-1.0	-1.0	-1.0	-1.0	-1.0	-1.0	-1.0	-1.0	-1.0	3.08	2.31	2.86	1.27	0.0	0.0	0.0	0.0	0.0	0.0	0.0	0.0	0.0	0.0	0.0	0.0	0.0	0.0	0.0	0.0	-1.0
TFm_UBER_neg_reg4_mult_64	94.67	0.15	10.0	2.4	8.0	261.0	0.3226	0.2035	0.0317	0.1563	0.2786	0.3381	0.4028	0.4443	0.5199	0.5881	0.6048	0.6128	0.6256	0.6326	0.6408	0.6501	0.6569	0.6732	0.6904	0.7163	0.7211	0.73	0.7492	0.8923
TFm_UBER_neg_reg4_mult_64_per	-1.0	-1.0	-1.0	-1.0	-1.0	-1.0	-1.0	-1.0	-1.0	3.06	4.62	5.71	2.53	3.03	1.92	2.56	2.7	2.94	3.12	3.45	3.7	4.17	0.0	0.0	0.0	0.0	0.0	0.0	0.0	-1.0
TFm_UBER_neg_reg4_mult_128	96.56	0.09	10.0	15.2	8.0	261.0	0.4756	0.2524	0.0046	0.2586	0.4874	0.5443	0.6283	0.6833	0.734	0.778	0.7848	0.792	0.8017	0.806	0.8113	0.8205	0.8325	0.8417	0.8591	0.8738	0.8823	0.8901	0.9313	0.9905
TFm_UBER_neg_reg4_mult_128_per	-1.0	-1.0	-1.0	-1.0	-1.0	-1.0	-1.0	-1.0	-1.0	4.08	5.38	6.67	8.97	10.77	11.32	15.0	16.22	14.71	15.62	13.79	14.81	16.67	14.29	15.79	18.75	23.08	27.27	25.0	16.67	-1.0
TFm_UBER_neg_reg4_mult_conv2	94.47	0.16	14.0	16.1	8.0	261.0	0.6991	0.3075	0.0091	0.4465	0.8299	0.8932	0.9451	0.965	0.9789	0.9891	0.9894	0.9896	0.9904	0.9916	0.9939	0.9947	0.9951	0.9961	0.9962	0.9974	0.9981	0.9987	0.999	0.9998
TFm_UBER_neg_reg4_mult_conv2_per	-1.0	-1.0	-1.0	-1.0	-1.0	-1.0	-1.0	-1.0	-1.0	3.59	5.34	6.67	7.69	9.09	11.54	12.82	13.89	14.71	15.62	13.79	15.38	16.0	19.05	16.67	18.75	21.43	27.27	25.0	40.0	-1.0
TFm_UBER_neg_reg4_mult_conv	96.69	0.11	11.0	8.2	8.0	261.0	0.3803	0.2482	0.0075	0.1666	0.3359	0.4059	0.5441	0.5724	0.6102	0.6791	0.6941	0.6989	0.7026	0.7322	0.736	0.7773	0.7935	0.8068	0.8303	0.8448	0.8553	0.8769	0.9075	0.9412
TFm_UBER_neg_reg4_mult_conv_per	-1.0	-1.0	-1.0	-1.0	-1.0	-1.0	-1.0	-1.0	-1.0	4.1	4.62	4.76	6.33	7.58	9.43	7.5	5.41	5.88	6.25	6.9	7.41	8.33	9.52	10.53	12.5	15.38	18.18	12.5	16.67	-1.0
TFm_UBER_neg_reg4__simp_cordo	89.47	0.27	17.0	10.2	8.0	261.0	0.4137	0.3647	0.017	0.0333	0.3281	0.6648	0.8116	0.8357	0.8439	0.8495	0.8498	0.8505	0.8508	0.8513	0.8516	0.8521	0.8529	0.8531	0.8542	0.8552	0.8559	0.8563	0.8574	0.8623
TFm_UBER_neg_reg4__simp_cordo_per	-1.0	-1.0	-1.0	-1.0	-1.0	-1.0	-1.0	-1.0	-1.0	3.59	4.62	5.71	7.69	9.23	11.32	10.0	10.81	11.76	12.5	13.79	11.54	8.33	9.52	5.26	7.14	7.14	8.33	12.5	0.0	-1.0
TFm_UBER_neg_reg4_mult_linear	73.21	0.52	10.0	12.2	8.0	261.0	0.6692	0.1811	0.1061	0.56	0.7007	0.7549	0.7943	0.8177	0.8269	0.8462	0.8489	0.8579	0.8645	0.8714	0.8785	0.8873	0.8887	0.892	0.8943	0.8957	0.9028	0.9102	0.9202	0.957
TFm_UBER_neg_reg4_mult_linear_per	-1.0	-1.0	-1.0	-1.0	-1.0	-1.0	-1.0	-1.0	-1.0	3.59	3.85	2.88	3.85	4.55	5.77	7.69	8.11	8.82	9.38	10.34	11.11	12.5	14.29	15.79	18.75	23.08	27.27	25.0	16.67	-1.0
TFm_UBER_neg_reg4_mult_dense2	93.93	0.19	9.0	7.8	8.0	261.0	0.6083	0.2007	0.0684	0.4449	0.6364	0.6906	0.7329	0.7609	0.7972	0.8257	0.8292	0.839	0.8455	0.851	0.8654	0.8779	0.8811	0.8832	0.896	0.9006	0.9051	0.9128	0.9355	0.9913
TFm_UBER_neg_reg4_mult_dense2_per	-1.0	-1.0	-1.0	-1.0	-1.0	-1.0	-1.0	-1.0	-1.0	3.57	3.82	3.85	3.8	4.55	5.66	7.5	8.11	8.82	9.38	6.9	7.69	8.33	9.52	5.26	6.25	7.69	0.0	0.0	0.0	-1.0
TFm_UBER_neg_reg4_mult_lstm	97.37	0.08	13.0	15.0	8.0	261.0	0.4162	0.3955	0.0	0.0242	0.2897	0.602	0.7807	0.8615	0.9028	0.9325	0.9401	0.9439	0.9472	0.9516	0.9581	0.9641	0.9704	0.9766	0.9817	0.9853	0.989	0.9908	0.9926	0.9982
TFm_UBER_neg_reg4_mult_lstm_per	-1.0	-1.0	-1.0	-1.0	-1.0	-1.0	-1.0	-1.0	-1.0	4.08	5.34	6.73	8.97	10.61	11.54	12.82	13.51	14.71	15.62	17.24	14.81	12.5	14.29	15.79	18.75	23.08	27.27	37.5	50.0	-1.0
TFm_UBER_neg_reg4__mult_gru	96.63	0.09	10.0	16.4	8.0	261.0	0.5913	0.3539	0.0148	0.2108	0.6799	0.8438	0.9015	0.9437	0.9635	0.9786	0.9805	0.9819	0.983	0.9877	0.9886	0.9895	0.9906	0.9915	0.9919	0.9925	0.9927	0.9935	0.9951	0.9963
TFm_UBER_neg_reg4__mult_gru_per	-1.0	-1.0	-1.0	-1.0	-1.0	-1.0	-1.0	-1.0	-1.0	3.59	5.38	6.73	7.59	9.23	11.54	13.16	13.51	14.71	12.5	13.79	15.38	16.67	19.05	21.05	18.75	23.08	30.0	37.5	33.33	-1.0
TFm_UBER_neg_low1_mult_28	87.53	0.32	10.0	11.9	20.0	261.0	0.4213	0.1684	0.1238	0.2869	0.4067	0.4507	0.5216	0.5546	0.5804	0.6151	0.6206	0.6277	0.6314	0.6439	0.6573	0.6663	0.6739	0.6936	0.7	0.7079	0.713	0.7425	0.7709	0.8161
TFm_UBER_neg_low1_mult_28_per	-1.0	-1.0	-1.0	-1.0	-1.0	-1.0	-1.0	-1.0	-1.0	9.69	12.21	12.5	13.92	15.38	16.98	12.82	13.51	14.71	12.5	10.34	11.54	12.5	14.29	10.53	12.5	15.38	18.18	12.5	16.67	-1.0
TFm_UBER_neg_low1_mult_64	92.34	0.22	9.0	16.0	20.0	261.0	0.5057	0.1553	0.153	0.3903	0.5212	0.5517	0.6016	0.6197	0.6457	0.6768	0.6851	0.6879	0.6946	0.7035	0.7122	0.7141	0.7283	0.7403	0.7518	0.7616	0.7711	0.7764	0.7858	0.8525
TFm_UBER_neg_low1_mult_64_per	-1.0	-1.0	-1.0	-1.0	-1.0	-1.0	-1.0	-1.0	-1.0	8.67	10.77	10.48	10.26	10.77	13.46	15.38	16.22	17.65	15.62	13.79	15.38	16.67	19.05	15.79	18.75	21.43	27.27	37.5	50.0	-1.0
TFm_UBER_neg_low1_mult_128	95.46	0.12	8.0	15.5	20.0	261.0	0.5756	0.097	0.3247	0.5089	0.5871	0.6094	0.6328	0.643	0.6572	0.6708	0.6771	0.6868	0.6941	0.698	0.6997	0.7074	0.7104	0.7178	0.7246	0.7267	0.7375	0.742	0.751	0.7918
TFm_UBER_neg_low1_mult_128_per	-1.0	-1.0	-1.0	-1.0	-1.0	-1.0	-1.0	-1.0	-1.0	9.69	10.77	12.5	11.54	12.12	13.46	17.95	18.92	20.59	21.88	20.69	17.86	12.5	9.52	10.53	12.5	14.29	18.18	25.0	33.33	-1.0
TFm_UBER_neg_low1_mult_conv2	90.11	0.73	18.0	30.8	20.0	261.0	0.4583	0.3671	0.0004	0.0748	0.4303	0.624	0.7834	0.8387	0.8799	0.9269	0.9396	0.9463	0.9516	0.9557	0.9663	0.9686	0.9714	0.9745	0.9763	0.9821	0.9846	0.9855	0.9889	0.9987
TFm_UBER_neg_low1_mult_conv2_per	-1.0	-1.0	-1.0	-1.0	-1.0	-1.0	-1.0	-1.0	-1.0	10.2	13.74	16.35	18.99	21.54	24.53	25.0	24.32	26.47	28.12	27.59	29.63	29.17	33.33	36.84	37.5	38.46	45.45	50.0	50.0	-1.0
TFm_UBER_neg_low1_mult_conv	98.31	0.05	11.0	11.7	20.0	261.0	0.6441	0.2385	0.057	0.4605	0.6783	0.7607	0.8235	0.8576	0.8916	0.9117	0.9131	0.9185	0.9217	0.9246	0.9306	0.9343	0.9406	0.9423	0.9531	0.9574	0.961	0.969	0.9735	0.9883
TFm_UBER_neg_low1_mult_conv_per	-1.0	-1.0	-1.0	-1.0	-1.0	-1.0	-1.0	-1.0	-1.0	9.74	7.63	5.77	7.59	9.23	9.62	10.0	10.81	11.76	12.5	13.79	11.54	12.5	9.52	10.53	12.5	14.29	18.18	25.0	33.33	-1.0
TFm_UBER_neg_low1__simp_cordo	88.01	0.3	13.0	20.5	20.0	261.0	0.5569	0.2993	0.0148	0.2818	0.7246	0.7747	0.7881	0.7918	0.7956	0.7969	0.7971	0.7975	0.7977	0.7978	0.7979	0.7979	0.7981	0.7982	0.7982	0.7983	0.7983	0.7984	0.7985	0.7987
TFm_UBER_neg_low1__simp_cordo_per	-1.0	-1.0	-1.0	-1.0	-1.0	-1.0	-1.0	-1.0	-1.0	8.67	9.23	10.58	12.82	15.38	19.23	17.5	16.67	17.65	18.75	20.69	21.74	21.74	19.05	21.05	21.05	14.29	14.29	14.29	14.29	-1.0
TFm_UBER_neg_low1_mult_linear	75.0	0.51	12.0	14.3	20.0	261.0	0.5342	0.2345	0.0086	0.3794	0.5637	0.6548	0.7071	0.7296	0.7564	0.7774	0.7806	0.7847	0.7869	0.7912	0.8007	0.8054	0.8091	0.8153	0.8254	0.8358	0.8413	0.8713	0.8784	0.9143
TFm_UBER_neg_low1_mult_linear_per	-1.0	-1.0	-1.0	-1.0	-1.0	-1.0	-1.0	-1.0	-1.0	8.67	12.31	9.62	11.54	12.12	11.54	15.38	13.89	14.71	15.62	13.79	14.81	16.67	14.29	10.53	12.5	14.29	18.18	25.0	33.33	-1.0
TFm_UBER_neg_low1_mult_dense2	87.6	0.29	8.0	11.7	20.0	261.0	0.5756	0.1	0.2132	0.515	0.6008	0.6217	0.6403	0.65	0.6625	0.6739	0.6762	0.6782	0.6793	0.6818	0.684	0.6849	0.6858	0.6867	0.689	0.6925	0.699	0.7005	0.704	0.742
TFm_UBER_neg_low1_mult_dense2_per	-1.0	-1.0	-1.0	-1.0	-1.0	-1.0	-1.0	-1.0	-1.0	8.67	12.31	12.62	11.39	10.61	11.32	10.26	10.81	11.76	12.5	13.79	15.38	8.33	9.52	10.53	6.25	7.69	9.09	12.5	16.67	-1.0
TFm_UBER_neg_low1_mult_lstm	97.15	0.08	9.0	24.5	20.0	261.0	0.4336	0.2561	0.0637	0.2111	0.3496	0.4605	0.5501	0.6708	0.7496	0.7792	0.7929	0.8003	0.8108	0.8219	0.837	0.8459	0.8531	0.8698	0.8776	0.8832	0.8971	0.9124	0.9148	0.9318
TFm_UBER_neg_low1_mult_lstm_per	-1.0	-1.0	-1.0	-1.0	-1.0	-1.0	-1.0	-1.0	-1.0	10.26	12.98	12.5	16.46	18.46	20.75	22.5	21.62	23.53	21.88	24.14	26.92	29.17	23.81	21.05	25.0	30.77	36.36	37.5	33.33	-1.0
TFm_UBER_neg_low1__mult_gru	96.14	0.1	12.0	8.1	20.0	261.0	0.5708	0.3647	0.0097	0.2031	0.6265	0.8039	0.9147	0.9365	0.9592	0.9727	0.9775	0.9788	0.9811	0.9835	0.9849	0.9875	0.9878	0.9899	0.991	0.9922	0.9926	0.9934	0.994	0.9962
TFm_UBER_neg_low1__mult_gru_per	-1.0	-1.0	-1.0	-1.0	-1.0	-1.0	-1.0	-1.0	-1.0	10.26	12.21	12.5	7.59	7.58	5.66	5.0	5.41	5.88	6.25	6.9	7.14	8.33	9.52	10.53	12.5	16.67	20.0	25.0	33.33	-1.0
TFm_UBER_pos_vgood16_mult_28	72.28	0.56	8.0	15.6	12.0	275.0	0.5079	0.0708	0.3862	0.467	0.4888	0.5028	0.5166	0.5269	0.5349	0.5466	0.5495	0.5535	0.5624	0.5678	0.5819	0.6001	0.6385	0.643	0.6549	0.6736	0.6841	0.691	0.7314	0.8213
TFm_UBER_pos_vgood16_mult_28_per	-1.0	-1.0	-1.0	-1.0	-1.0	-1.0	-1.0	-1.0	-1.0	5.83	7.25	7.27	7.23	7.25	9.09	11.9	12.82	13.89	15.15	16.13	17.86	16.0	13.64	15.0	11.76	14.29	9.09	11.11	0.0	-1.0
TFm_UBER_pos_vgood16_mult_64	81.61	0.44	15.0	14.5	12.0	275.0	0.4742	0.192	0.1699	0.3177	0.4409	0.5016	0.5487	0.594	0.6495	0.7093	0.7151	0.7235	0.7353	0.748	0.7581	0.7666	0.778	0.8016	0.8288	0.8396	0.8613	0.873	0.8887	0.9908
TFm_UBER_pos_vgood16_mult_64_per	-1.0	-1.0	-1.0	-1.0	-1.0	-1.0	-1.0	-1.0	-1.0	5.34	5.07	5.45	7.23	8.7	9.09	11.9	12.82	13.89	15.15	12.9	14.29	16.0	13.64	15.0	17.65	21.43	18.18	11.11	0.0	-1.0
TFm_UBER_pos_vgood16_mult_128	86.59	0.31	13.0	13.8	12.0	275.0	0.4515	0.2419	0.0067	0.2542	0.3955	0.4762	0.5588	0.627	0.6903	0.7522	0.7624	0.7762	0.7936	0.8015	0.8249	0.8421	0.8762	0.8836	0.8916	0.903	0.934	0.9551	0.9631	0.9979
TFm_UBER_pos_vgood16_mult_128_per	-1.0	-1.0	-1.0	-1.0	-1.0	-1.0	-1.0	-1.0	-1.0	4.37	5.11	5.45	6.02	7.35	9.09	11.9	12.82	13.89	15.15	16.13	10.71	12.0	13.64	15.0	11.76	7.14	9.09	11.11	16.67	-1.0
TFm_UBER_pos_vgood16_mult_conv2	88.86	0.28	12.0	12.7	12.0	275.0	0.4329	0.2501	0.0635	0.22	0.4097	0.462	0.554	0.5946	0.6459	0.6854	0.713	0.7365	0.7614	0.7881	0.8222	0.8566	0.8818	0.92	0.9323	0.9384	0.9489	0.9567	0.9641	0.987
TFm_UBER_pos_vgood16_mult_conv2_per	-1.0	-1.0	-1.0	-1.0	-1.0	-1.0	-1.0	-1.0	-1.0	5.34	8.03	7.27	7.23	8.7	10.91	11.9	12.82	11.11	12.12	12.9	10.71	12.0	13.64	15.0	11.76	14.29	9.09	11.11	16.67	-1.0
TFm_UBER_pos_vgood16_mult_conv	81.99	0.43	11.0	11.6	12.0	275.0	0.5096	0.1552	0.2587	0.3818	0.4922	0.5255	0.5656	0.5933	0.6343	0.6761	0.6789	0.6923	0.6954	0.7051	0.7183	0.7317	0.7463	0.7693	0.7949	0.8274	0.8364	0.8531	0.9002	0.995
TFm_UBER_pos_vgood16_mult_conv_per	-1.0	-1.0	-1.0	-1.0	-1.0	-1.0	-1.0	-1.0	-1.0	3.88	3.65	4.55	4.82	5.8	7.27	9.52	10.26	11.11	8.82	9.68	10.71	12.0	13.64	15.0	17.65	14.29	18.18	11.11	0.0	-1.0
TFm_UBER_pos_vgood16__simp_cordo	67.42	0.61	8.0	12.7	12.0	275.0	0.5126	0.0216	0.4877	0.4985	0.5067	0.5101	0.5149	0.5173	0.5217	0.5287	0.5297	0.5311	0.5353	0.5361	0.5405	0.5442	0.551	0.5529	0.5568	0.5599	0.5659	0.5701	0.5778	0.618
TFm_UBER_pos_vgood16__simp_cordo_per	-1.0	-1.0	-1.0	-1.0	-1.0	-1.0	-1.0	-1.0	-1.0	5.83	6.52	8.26	8.43	10.14	10.91	9.52	10.53	11.11	12.12	12.9	10.71	12.0	13.64	15.0	17.65	21.43	18.18	22.22	16.67	-1.0
TFm_UBER_pos_vgood16_mult_linear	66.06	0.6	10.0	11.7	12.0	275.0	0.5319	0.1142	0.3839	0.4529	0.5004	0.5256	0.5524	0.5693	0.5838	0.63	0.6343	0.6436	0.6581	0.6796	0.6975	0.7502	0.7599	0.777	0.791	0.8064	0.8155	0.8323	0.8551	0.936
TFm_UBER_pos_vgood16_mult_linear_per	-1.0	-1.0	-1.0	-1.0	-1.0	-1.0	-1.0	-1.0	-1.0	4.37	5.8	7.27	9.64	10.0	9.09	9.52	10.26	8.33	9.09	9.68	10.71	12.0	13.64	15.0	17.65	21.43	27.27	22.22	16.67	-1.0
TFm_UBER_pos_vgood16_mult_dense2	71.11	0.53	11.0	11.7	12.0	275.0	0.4919	0.1566	0.1608	0.4137	0.4509	0.472	0.4909	0.506	0.5187	0.565	0.5983	0.6055	0.6174	0.6406	0.6774	0.7847	0.8344	0.9051	0.9166	0.9298	0.9346	0.9524	0.9616	0.9826
TFm_UBER_pos_vgood16_mult_dense2_per	-1.0	-1.0	-1.0	-1.0	-1.0	-1.0	-1.0	-1.0	-1.0	2.91	4.35	4.55	6.02	4.35	5.45	7.14	7.69	8.33	9.09	9.68	10.71	12.0	13.64	15.0	17.65	14.29	18.18	22.22	33.33	-1.0
TFm_UBER_pos_vgood16_mult_lstm	76.49	0.47	8.0	17.9	12.0	275.0	0.5926	0.1039	0.4366	0.5225	0.5686	0.59	0.6117	0.6297	0.6513	0.6873	0.6904	0.6948	0.7154	0.7205	0.7367	0.7467	0.7612	0.7835	0.7889	0.8329	0.8382	0.864	0.9069	0.9541
TFm_UBER_pos_vgood16_mult_lstm_per	-1.0	-1.0	-1.0	-1.0	-1.0	-1.0	-1.0	-1.0	-1.0	5.83	7.97	8.18	7.32	7.25	9.09	11.9	12.82	13.89	15.15	16.13	17.86	20.0	18.18	20.0	17.65	14.29	9.09	0.0	0.0	-1.0
TFm_UBER_pos_vgood16__mult_gru	77.2	0.47	9.0	14.7	12.0	275.0	0.4817	0.187	0.1989	0.3273	0.4539	0.5026	0.551	0.5798	0.6273	0.6739	0.6869	0.6944	0.7114	0.7438	0.7522	0.767	0.7983	0.8308	0.8724	0.8989	0.9035	0.9184	0.9436	0.971
TFm_UBER_pos_vgood16__mult_gru_per	-1.0	-1.0	-1.0	-1.0	-1.0	-1.0	-1.0	-1.0	-1.0	5.34	5.11	6.36	7.23	7.25	7.27	9.52	10.26	11.11	12.12	12.9	14.29	16.0	18.18	15.0	11.76	7.14	9.09	11.11	0.0	-1.0
TFm_UBER_pos_good9_mult_28	79.62	0.47	9.0	22.7	18.0	271.0	0.4898	0.1446	0.2578	0.3794	0.4564	0.5017	0.5412	0.5753	0.5993	0.615	0.6273	0.6366	0.6503	0.6652	0.6771	0.7005	0.7321	0.7473	0.7672	0.7797	0.8167	0.8622	0.8839	0.9399
TFm_UBER_pos_good9_mult_28_per	-1.0	-1.0	-1.0	-1.0	-1.0	-1.0	-1.0	-1.0	-1.0	8.37	11.11	12.96	15.85	17.65	16.67	21.95	23.68	25.0	24.24	23.33	25.93	24.0	22.73	15.79	17.65	21.43	27.27	22.22	33.33	-1.0
TFm_UBER_pos_good9_mult_64	86.02	0.37	8.0	23.2	18.0	271.0	0.4348	0.1785	0.172	0.2965	0.3917	0.455	0.5097	0.5548	0.5938	0.6451	0.6619	0.6715	0.6823	0.6976	0.7055	0.7092	0.7161	0.7273	0.7435	0.7538	0.8075	0.8384	0.8782	0.9238
TFm_UBER_pos_good9_mult_64_per	-1.0	-1.0	-1.0	-1.0	-1.0	-1.0	-1.0	-1.0	-1.0	7.88	11.03	13.89	15.85	17.65	22.22	21.95	23.68	25.0	27.27	23.33	25.0	20.0	22.73	21.05	23.53	21.43	27.27	33.33	50.0	-1.0
TFm_UBER_pos_good9_mult_128	92.74	0.19	10.0	21.9	18.0	271.0	0.2663	0.2576	0.0047	0.0507	0.1697	0.2543	0.3398	0.4367	0.537	0.5966	0.6039	0.6128	0.6175	0.6483	0.6609	0.6828	0.6932	0.7081	0.7464	0.7758	0.825	0.8512	0.9333	0.9646
TFm_UBER_pos_good9_mult_128_per	-1.0	-1.0	-1.0	-1.0	-1.0	-1.0	-1.0	-1.0	-1.0	8.37	11.85	14.81	19.51	22.06	24.07	26.83	26.32	25.0	24.24	20.0	17.86	20.0	22.73	26.32	29.41	35.71	36.36	44.44	50.0	-1.0
TFm_UBER_pos_good9_mult_conv2	95.84	0.11	18.0	32.9	18.0	271.0	0.4483	0.3691	0.0	0.0583	0.4186	0.593	0.7672	0.8348	0.8716	0.9234	0.9318	0.9428	0.9475	0.958	0.9638	0.9682	0.9738	0.9788	0.9869	0.99	0.9921	0.9927	0.9943	0.9998
TFm_UBER_pos_good9_mult_conv2_per	-1.0	-1.0	-1.0	-1.0	-1.0	-1.0	-1.0	-1.0	-1.0	8.37	11.85	14.81	19.51	20.59	23.64	24.39	26.32	27.78	27.27	30.0	29.63	32.0	36.36	42.11	47.06	42.86	36.36	33.33	33.33	-1.0
TFm_UBER_pos_good9_mult_conv	92.35	0.22	11.0	29.8	18.0	271.0	0.4346	0.2417	0.0359	0.2215	0.4105	0.4874	0.578	0.6213	0.6986	0.7398	0.7461	0.7484	0.7637	0.7711	0.7809	0.7944	0.7983	0.8068	0.8121	0.8246	0.8527	0.8753	0.8924	0.9742
TFm_UBER_pos_good9_mult_conv_per	-1.0	-1.0	-1.0	-1.0	-1.0	-1.0	-1.0	-1.0	-1.0	7.88	11.85	13.76	17.07	20.59	25.45	29.27	31.58	30.56	27.27	26.67	29.63	32.0	31.82	31.58	35.29	35.71	45.45	44.44	50.0	-1.0
TFm_UBER_pos_good9__simp_cordo	79.88	0.41	21.0	20.2	18.0	271.0	0.4563	0.3115	0.0085	0.085	0.5763	0.6981	0.7419	0.7522	0.7566	0.764	0.7651	0.7657	0.7669	0.7678	0.7689	0.7694	0.7696	0.7701	0.7708	0.7714	0.7725	0.7734	0.7762	0.7793
TFm_UBER_pos_good9__simp_cordo_per	-1.0	-1.0	-1.0	-1.0	-1.0	-1.0	-1.0	-1.0	-1.0	8.37	11.85	14.81	16.05	14.71	18.18	19.51	18.42	19.44	18.18	16.67	18.52	20.83	21.74	25.0	23.53	28.57	33.33	37.5	33.33	-1.0
TFm_UBER_pos_good9_mult_linear	77.18	0.51	16.0	10.3	18.0	271.0	0.6041	0.2229	0.0767	0.452	0.6179	0.6835	0.7541	0.7798	0.8169	0.8506	0.8587	0.8708	0.8729	0.8765	0.8792	0.885	0.9055	0.9134	0.9231	0.9361	0.9551	0.9606	0.9735	0.9834
TFm_UBER_pos_good9_mult_linear_per	-1.0	-1.0	-1.0	-1.0	-1.0	-1.0	-1.0	-1.0	-1.0	7.88	11.11	13.89	15.85	14.71	14.81	12.2	13.16	11.11	9.09	10.0	11.11	12.0	9.09	10.53	11.76	7.14	0.0	0.0	0.0	-1.0
TFm_UBER_pos_good9_mult_dense2	89.38	0.26	11.0	21.0	18.0	271.0	0.3949	0.223	0.0002	0.2325	0.4259	0.4865	0.5415	0.583	0.6045	0.6378	0.642	0.6453	0.6486	0.6545	0.6583	0.6657	0.6669	0.6695	0.6745	0.6939	0.7127	0.7259	0.7586	0.9932
TFm_UBER_pos_good9_mult_dense2_per	-1.0	-1.0	-1.0	-1.0	-1.0	-1.0	-1.0	-1.0	-1.0	7.88	11.03	11.93	14.81	16.18	18.18	21.95	21.05	22.22	21.21	20.0	22.22	24.0	22.73	15.79	17.65	21.43	27.27	33.33	50.0	-1.0
TFm_UBER_pos_good9_mult_lstm	93.6	0.17	11.0	25.0	18.0	271.0	0.4433	0.2835	0.0053	0.1725	0.4486	0.5821	0.7099	0.7291	0.7439	0.7575	0.7612	0.7647	0.7698	0.7721	0.7743	0.7761	0.779	0.79	0.7937	0.7978	0.8078	0.8105	0.8268	0.9958
TFm_UBER_pos_good9_mult_lstm_per	-1.0	-1.0	-1.0	-1.0	-1.0	-1.0	-1.0	-1.0	-1.0	8.87	11.85	14.81	14.81	16.18	18.52	19.51	21.05	22.22	24.24	23.33	25.0	24.0	27.27	26.32	23.53	28.57	36.36	33.33	50.0	-1.0
TFm_UBER_pos_good9__mult_gru	86.74	0.33	8.0	19.2	18.0	271.0	0.5033	0.2781	0.0624	0.2197	0.5223	0.6061	0.7453	0.7745	0.818	0.8471	0.8493	0.8523	0.855	0.857	0.8622	0.8653	0.8679	0.8711	0.8719	0.8751	0.8824	0.8966	0.8984	0.9127
TFm_UBER_pos_good9__mult_gru_per	-1.0	-1.0	-1.0	-1.0	-1.0	-1.0	-1.0	-1.0	-1.0	7.88	11.85	13.76	16.05	17.65	21.82	17.07	18.42	19.44	21.21	20.0	18.52	16.0	18.18	21.05	23.53	28.57	36.36	33.33	50.0	-1.0
TFm_UBER_pos_reg4_mult_28	87.2	0.33	15.0	39.1	18.0	261.0	0.5761	0.2017	0.1113	0.4304	0.5832	0.6535	0.7144	0.7438	0.7692	0.8007	0.8122	0.8215	0.8317	0.8389	0.8471	0.8601	0.8639	0.8702	0.8741	0.8846	0.8878	0.8995	0.903	0.9328
TFm_UBER_pos_reg4_mult_28_per	-1.0	-1.0	-1.0	-1.0	-1.0	-1.0	-1.0	-1.0	-1.0	9.18	12.98	16.19	20.25	21.21	22.64	28.21	27.03	29.41	31.25	34.48	37.04	41.67	42.86	47.37	50.0	61.54	63.64	62.5	66.67	-1.0
TFm_UBER_pos_reg4_mult_64	86.25	0.31	9.0	15.1	18.0	261.0	0.6581	0.1324	0.3746	0.5496	0.6275	0.6885	0.7391	0.7664	0.7917	0.8187	0.8249	0.8288	0.8339	0.839	0.8437	0.8484	0.8575	0.8615	0.8763	0.8881	0.8928	0.8984	0.9101	0.9647
TFm_UBER_pos_reg4_mult_64_per	-1.0	-1.0	-1.0	-1.0	-1.0	-1.0	-1.0	-1.0	-1.0	9.18	13.74	17.14	23.08	24.62	23.08	25.0	24.32	23.53	18.75	13.79	15.38	12.5	14.29	15.79	18.75	23.08	18.18	25.0	33.33	-1.0
TFm_UBER_pos_reg4_mult_128	92.34	0.21	9.0	35.2	18.0	261.0	0.5361	0.1603	0.2077	0.416	0.522	0.551	0.6032	0.6471	0.6715	0.6928	0.7025	0.7098	0.7243	0.7266	0.739	0.7686	0.7824	0.7964	0.8189	0.8402	0.8588	0.8934	0.9208	0.9636
TFm_UBER_pos_reg4_mult_128_per	-1.0	-1.0	-1.0	-1.0	-1.0	-1.0	-1.0	-1.0	-1.0	9.18	13.08	15.38	20.25	24.62	26.92	28.21	27.03	26.47	28.12	31.03	34.62	37.5	38.1	42.11	50.0	61.54	63.64	62.5	83.33	-1.0
TFm_UBER_pos_reg4_mult_conv	92.68	0.22	9.0	31.7	18.0	261.0	0.5648	0.1533	0.2649	0.4641	0.539	0.5738	0.62	0.6564	0.6953	0.7355	0.7378	0.7449	0.7625	0.7818	0.7923	0.8005	0.8249	0.8364	0.8449	0.8601	0.8866	0.8941	0.9098	0.9468
TFm_UBER_pos_reg4_mult_conv_per	-1.0	-1.0	-1.0	-1.0	-1.0	-1.0	-1.0	-1.0	-1.0	9.18	13.08	16.35	20.25	22.73	25.0	28.21	29.73	29.41	28.12	27.59	30.77	33.33	33.33	36.84	43.75	46.15	45.45	62.5	83.33	-1.0
TFm_UBER_pos_reg4__simp_cordo	78.25	0.48	9.0	12.2	18.0	261.0	0.5313	0.1278	0.2523	0.434	0.5942	0.6212	0.635	0.6406	0.6453	0.6485	0.6492	0.6498	0.6502	0.651	0.6511	0.6515	0.6518	0.652	0.6522	0.6525	0.6529	0.6536	0.6549	0.6555
TFm_UBER_pos_reg4__simp_cordo_per	-1.0	-1.0	-1.0	-1.0	-1.0	-1.0	-1.0	-1.0	-1.0	9.23	12.98	15.38	17.72	19.7	20.37	10.53	10.81	8.82	9.38	10.0	11.11	12.0	14.29	16.67	18.75	14.29	18.18	12.5	14.29	-1.0
TFm_UBER_pos_reg4_mult_linear	73.78	0.53	12.0	27.1	18.0	261.0	0.7445	0.1136	0.2147	0.7022	0.7652	0.7866	0.8055	0.8171	0.8346	0.843	0.8438	0.8465	0.8539	0.8556	0.8618	0.8619	0.8641	0.8666	0.8692	0.8743	0.8778	0.8853	0.8887	0.9412
TFm_UBER_pos_reg4_mult_linear_per	-1.0	-1.0	-1.0	-1.0	-1.0	-1.0	-1.0	-1.0	-1.0	8.16	8.4	9.52	11.54	12.12	15.09	20.51	21.62	23.53	25.0	27.59	25.0	25.0	28.57	31.58	31.25	28.57	27.27	25.0	33.33	-1.0
TFm_UBER_pos_reg4_mult_dense2	89.91	0.24	24.0	26.9	18.0	261.0	0.6114	0.3931	0.0	0.1701	0.8378	0.9001	0.9323	0.9506	0.9634	0.975	0.978	0.982	0.9832	0.9848	0.9868	0.9875	0.9884	0.9895	0.991	0.9931	0.9945	0.9961	0.9975	0.9993
TFm_UBER_pos_reg4_mult_dense2_per	-1.0	-1.0	-1.0	-1.0	-1.0	-1.0	-1.0	-1.0	-1.0	8.21	9.92	11.54	15.38	18.18	21.15	20.0	21.62	23.53	21.88	24.14	25.93	29.17	28.57	31.58	35.29	46.15	54.55	62.5	66.67	-1.0
TFm_UBER_pos_reg4_mult_lstm	92.14	0.21	12.0	8.2	18.0	261.0	0.6226	0.2983	0.0	0.3965	0.6871	0.7756	0.857	0.8904	0.93	0.9438	0.9461	0.95	0.9544	0.9601	0.97	0.9726	0.975	0.9801	0.9824	0.9856	0.9869	0.9885	0.99	0.9983
TFm_UBER_pos_reg4_mult_lstm_per	-1.0	-1.0	-1.0	-1.0	-1.0	-1.0	-1.0	-1.0	-1.0	7.18	8.4	6.73	7.59	7.69	9.43	5.13	5.41	5.88	6.25	6.9	7.41	8.33	9.52	10.53	12.5	14.29	18.18	25.0	33.33	-1.0
TFm_UBER_pos_reg4__mult_gru	93.9	0.17	17.0	50.8	18.0	261.0	0.2612	0.3435	0.0031	0.0144	0.0474	0.105	0.3362	0.5335	0.646	0.8043	0.8114	0.8347	0.8744	0.8914	0.8976	0.9089	0.9202	0.9362	0.9493	0.952	0.9603	0.9679	0.9765	0.9955
TFm_UBER_pos_reg4__mult_gru_per	-1.0	-1.0	-1.0	-1.0	-1.0	-1.0	-1.0	-1.0	-1.0	8.67	12.98	16.19	21.79	26.15	32.69	40.0	43.24	47.06	46.88	44.83	48.15	50.0	57.14	57.89	62.5	69.23	72.73	87.5	83.33	-1.0
TFm_UBER_pos_low1_mult_28	85.65	0.38	8.0	22.6	16.0	261.0	0.4352	0.1772	0.1616	0.2946	0.392	0.4494	0.5273	0.5632	0.6041	0.6443	0.6575	0.6777	0.6927	0.7023	0.7133	0.727	0.7335	0.7424	0.7512	0.7752	0.7858	0.8016	0.8161	0.8797
TFm_UBER_pos_low1_mult_28_per	-1.0	-1.0	-1.0	-1.0	-1.0	-1.0	-1.0	-1.0	-1.0	7.65	10.77	13.46	15.19	16.92	21.15	20.0	18.92	17.65	18.75	20.69	22.22	24.0	23.81	26.32	31.25	23.08	18.18	25.0	33.33	-1.0
TFm_UBER_pos_low1_mult_64	89.96	0.26	10.0	33.1	16.0	261.0	0.3767	0.2399	0.0102	0.1597	0.3491	0.4337	0.5103	0.5609	0.6353	0.6816	0.6856	0.6931	0.7107	0.7283	0.7367	0.747	0.7582	0.7679	0.7738	0.7775	0.7961	0.8048	0.8279	0.8691
TFm_UBER_pos_low1_mult_64_per	-1.0	-1.0	-1.0	-1.0	-1.0	-1.0	-1.0	-1.0	-1.0	7.69	11.54	14.29	17.72	20.0	23.08	25.0	27.03	29.41	28.12	27.59	29.63	33.33	38.1	42.11	43.75	46.15	54.55	75.0	83.33	-1.0
TFm_UBER_pos_low1_mult_128	92.86	0.18	8.0	28.1	16.0	261.0	0.5351	0.2387	0.0916	0.3149	0.5486	0.6109	0.6825	0.7216	0.7876	0.8347	0.8478	0.8593	0.8648	0.8666	0.8688	0.8788	0.8868	0.8929	0.8963	0.9014	0.9041	0.9173	0.9355	0.9608
TFm_UBER_pos_low1_mult_128_per	-1.0	-1.0	-1.0	-1.0	-1.0	-1.0	-1.0	-1.0	-1.0	7.69	11.45	13.46	17.72	20.0	24.53	22.5	24.32	23.53	25.0	27.59	26.92	29.17	33.33	26.32	18.75	15.38	18.18	25.0	33.33	-1.0
TFm_UBER_pos_low1_mult_conv	98.52	0.07	11.0	20.4	16.0	261.0	0.5216	0.2449	0.018	0.3342	0.5426	0.6045	0.6707	0.7146	0.7538	0.8082	0.8154	0.8219	0.8316	0.8403	0.849	0.8552	0.8705	0.8772	0.8894	0.9024	0.9088	0.9324	0.9486	0.9773
TFm_UBER_pos_low1_mult_conv_per	-1.0	-1.0	-1.0	-1.0	-1.0	-1.0	-1.0	-1.0	-1.0	7.18	6.87	8.65	10.13	10.61	11.32	15.0	16.22	17.65	18.75	20.69	22.22	20.83	19.05	21.05	25.0	28.57	27.27	25.0	16.67	-1.0
TFm_UBER_pos_low1__simp_cordo	83.09	0.42	14.0	26.2	16.0	261.0	0.6156	0.1942	0.1296	0.5411	0.7301	0.7417	0.7464	0.7476	0.7491	0.7496	0.7497	0.7501	0.7502	0.7502	0.7503	0.7504	0.7505	0.7508	0.7512	0.7516	0.7519	0.752	0.7523	0.7526
TFm_UBER_pos_low1__simp_cordo_per	-1.0	-1.0	-1.0	-1.0	-1.0	-1.0	-1.0	-1.0	-1.0	7.65	11.45	14.29	13.92	16.92	15.09	20.51	21.62	20.59	24.14	24.14	28.0	26.09	28.57	26.32	25.0	30.77	33.33	37.5	33.33	-1.0
TFm_UBER_pos_low1_mult_linear	78.17	0.47	20.0	32.5	16.0	261.0	0.7521	0.1542	0.1794	0.6846	0.7837	0.8224	0.8521	0.8674	0.8821	0.8995	0.9044	0.9085	0.9115	0.9137	0.9154	0.917	0.9194	0.928	0.9305	0.9346	0.9387	0.9432	0.9472	0.9564
TFm_UBER_pos_low1_mult_linear_per	-1.0	-1.0	-1.0	-1.0	-1.0	-1.0	-1.0	-1.0	-1.0	7.69	10.77	13.33	16.67	18.46	22.64	27.5	29.73	29.41	31.25	31.03	33.33	29.17	33.33	36.84	37.5	38.46	36.36	50.0	50.0	-1.0
TFm_UBER_pos_low1_mult_dense2	84.57	0.35	13.0	25.4	16.0	261.0	0.9261	0.1325	0.134	0.9245	0.9751	0.9812	0.987	0.989	0.992	0.9936	0.9938	0.994	0.9943	0.9945	0.9947	0.995	0.9955	0.9958	0.9962	0.9962	0.9968	0.9974	0.9983	0.9998
TFm_UBER_pos_low1_mult_dense2_per	-1.0	-1.0	-1.0	-1.0	-1.0	-1.0	-1.0	-1.0	-1.0	6.15	7.63	8.65	11.54	13.85	13.46	17.95	18.92	20.59	21.88	22.58	23.08	26.09	27.27	31.58	37.5	37.5	36.36	25.0	33.33	-1.0
TFm_UBER_pos_low1_mult_lstm	94.14	0.17	11.0	43.2	16.0	261.0	0.3954	0.3213	0.0017	0.1056	0.3202	0.4056	0.5228	0.6115	0.7643	0.864	0.8922	0.9034	0.9144	0.9298	0.9462	0.953	0.9616	0.9739	0.9825	0.987	0.9882	0.9926	0.9941	0.9994
TFm_UBER_pos_low1_mult_lstm_per	-1.0	-1.0	-1.0	-1.0	-1.0	-1.0	-1.0	-1.0	-1.0	8.21	11.45	14.56	16.46	19.7	24.53	28.21	29.73	32.35	34.38	37.93	40.74	45.83	47.62	52.63	50.0	53.85	54.55	62.5	83.33	-1.0
TFm_UBER_pos_low1__mult_gru	90.84	0.23	9.0	37.3	16.0	261.0	0.4117	0.256	0.1264	0.203	0.2718	0.3628	0.5647	0.6922	0.737	0.7917	0.8004	0.8017	0.8043	0.8095	0.8133	0.8153	0.8275	0.8317	0.8398	0.8485	0.8539	0.8608	0.8699	0.9092
TFm_UBER_pos_low1__mult_gru_per	-1.0	-1.0	-1.0	-1.0	-1.0	-1.0	-1.0	-1.0	-1.0	8.21	11.54	13.33	16.46	20.0	25.0	27.5	29.73	32.35	30.3	31.03	34.62	37.5	42.86	47.37	50.0	50.0	45.45	50.0	66.67	-1.0
TFm_PYPL_neg_vgood16_mult_28	78.92	0.45	21.0	28.1	17.0	274.0	0.4483	0.1857	0.1117	0.321	0.393	0.4372	0.5226	0.5612	0.5842	0.6536	0.6676	0.6816	0.7021	0.7119	0.7206	0.761	0.7765	0.8024	0.8108	0.8355	0.8537	0.8732	0.9046	0.973
TFm_PYPL_neg_vgood16_mult_28_per	-1.0	-1.0	-1.0	-1.0	-1.0	-1.0	-1.0	-1.0	-1.0	7.32	10.22	12.73	14.63	17.39	20.0	21.95	23.08	22.22	24.24	25.81	28.57	28.0	31.82	30.0	29.41	28.57	36.36	44.44	50.0	-1.0
TFm_PYPL_neg_vgood16_mult_64	83.42	0.36	17.0	34.2	17.0	274.0	0.4971	0.2165	0.0195	0.3543	0.4933	0.5505	0.5943	0.6197	0.6496	0.6914	0.7099	0.7322	0.7417	0.756	0.7762	0.8074	0.8407	0.8757	0.9185	0.9388	0.9428	0.9529	0.9562	0.9838
TFm_PYPL_neg_vgood16_mult_64_per	-1.0	-1.0	-1.0	-1.0	-1.0	-1.0	-1.0	-1.0	-1.0	7.8	9.49	11.82	14.63	17.14	18.18	24.39	23.08	25.0	27.27	29.03	32.14	36.0	40.91	40.0	47.06	42.86	45.45	55.56	83.33	-1.0
TFm_PYPL_neg_vgood16_mult_128	86.83	0.33	10.0	21.3	17.0	274.0	0.6051	0.1625	0.2338	0.4776	0.6097	0.6656	0.7033	0.7264	0.7515	0.79	0.7975	0.804	0.8113	0.8155	0.8205	0.8249	0.8389	0.843	0.8477	0.8547	0.8666	0.9	0.9184	0.966
TFm_PYPL_neg_vgood16_mult_128_per	-1.0	-1.0	-1.0	-1.0	-1.0	-1.0	-1.0	-1.0	-1.0	6.83	9.49	10.91	14.63	17.39	18.18	17.07	15.38	16.67	18.18	19.35	21.43	20.0	22.73	26.32	29.41	35.71	36.36	44.44	50.0	-1.0
TFm_PYPL_neg_vgood16_mult_conv2	87.79	0.3	11.0	32.3	17.0	274.0	0.5061	0.206	0.0088	0.3717	0.5039	0.5455	0.5986	0.6301	0.6625	0.7064	0.723	0.7361	0.7649	0.7891	0.7932	0.8218	0.8291	0.8409	0.8665	0.8895	0.907	0.9289	0.9376	0.9761
TFm_PYPL_neg_vgood16_mult_conv2_per	-1.0	-1.0	-1.0	-1.0	-1.0	-1.0	-1.0	-1.0	-1.0	7.8	11.68	14.55	18.29	18.84	23.64	24.39	25.64	27.78	30.3	32.26	32.14	32.0	31.82	35.0	29.41	35.71	36.36	44.44	66.67	-1.0
TFm_PYPL_neg_vgood16_mult_conv	85.09	0.38	14.0	21.6	17.0	274.0	0.4189	0.1916	0.059	0.2775	0.3778	0.4282	0.4908	0.5391	0.5703	0.6214	0.6266	0.635	0.6531	0.6652	0.6846	0.7301	0.7429	0.7667	0.803	0.8213	0.848	0.8641	0.8817	0.95
TFm_PYPL_neg_vgood16_mult_conv_per	-1.0	-1.0	-1.0	-1.0	-1.0	-1.0	-1.0	-1.0	-1.0	6.83	10.22	11.82	14.63	14.49	18.18	24.39	25.64	27.78	27.27	22.58	21.43	20.0	18.18	20.0	23.53	21.43	27.27	33.33	33.33	-1.0
TFm_PYPL_neg_vgood16__simp_cordo	67.74	0.6	15.0	31.1	17.0	274.0	0.5116	0.1199	0.3826	0.4372	0.4729	0.4909	0.5155	0.5299	0.5515	0.6011	0.6177	0.6394	0.6496	0.663	0.6968	0.7277	0.7413	0.7551	0.7868	0.8262	0.8461	0.871	0.8879	0.9233
TFm_PYPL_neg_vgood16__simp_cordo_per	-1.0	-1.0	-1.0	-1.0	-1.0	-1.0	-1.0	-1.0	-1.0	6.34	7.3	9.09	10.98	13.04	16.36	21.95	23.08	25.0	27.27	29.03	28.57	32.0	34.78	35.0	41.18	42.86	45.45	55.56	66.67	-1.0
TFm_PYPL_neg_vgood16_mult_linear	67.93	0.59	38.0	15.6	17.0	274.0	0.5075	0.1655	0.1269	0.4043	0.518	0.5431	0.5719	0.5871	0.6241	0.6515	0.6675	0.6762	0.6928	0.6975	0.7012	0.7266	0.733	0.7487	0.7715	0.792	0.8439	0.8878	0.9067	0.9874
TFm_PYPL_neg_vgood16_mult_linear_per	-1.0	-1.0	-1.0	-1.0	-1.0	-1.0	-1.0	-1.0	-1.0	6.34	7.3	7.27	9.76	11.59	12.73	17.07	17.95	19.44	15.15	16.13	17.86	16.0	13.64	15.0	17.65	21.43	27.27	33.33	50.0	-1.0
TFm_PYPL_neg_vgood16_mult_dense2	84.96	0.34	19.0	23.4	17.0	274.0	0.4718	0.2973	0.0004	0.2077	0.5357	0.6155	0.6666	0.6975	0.7596	0.8038	0.8084	0.8238	0.8345	0.8497	0.8592	0.8672	0.8678	0.8714	0.8898	0.9021	0.9115	0.9218	0.9286	0.9808
TFm_PYPL_neg_vgood16_mult_dense2_per	-1.0	-1.0	-1.0	-1.0	-1.0	-1.0	-1.0	-1.0	-1.0	6.83	8.03	8.18	10.98	13.04	14.55	17.07	17.95	19.44	21.21	22.58	25.0	24.0	22.73	25.0	29.41	28.57	27.27	33.33	50.0	-1.0
TFm_PYPL_neg_vgood16_mult_lstm	91.2	0.22	19.0	33.8	17.0	274.0	0.4165	0.3225	0.0	0.0348	0.502	0.6045	0.6449	0.6595	0.6823	0.7053	0.7168	0.7201	0.7256	0.7321	0.7515	0.7947	0.8725	0.9113	0.9632	0.9787	0.985	0.9929	0.9977	0.9998
TFm_PYPL_neg_vgood16_mult_lstm_per	-1.0	-1.0	-1.0	-1.0	-1.0	-1.0	-1.0	-1.0	-1.0	8.29	11.68	14.68	19.51	21.74	25.45	31.71	30.77	30.56	30.3	32.26	32.14	32.0	36.36	40.0	41.18	50.0	45.45	55.56	83.33	-1.0
TFm_PYPL_neg_vgood16__mult_gru	84.45	0.34	12.0	35.1	17.0	274.0	0.5696	0.2	0.0441	0.4415	0.5903	0.6433	0.6859	0.7069	0.7338	0.7655	0.7758	0.784	0.7973	0.8004	0.8125	0.8288	0.8419	0.8637	0.8764	0.8892	0.8991	0.9108	0.9144	0.9452
TFm_PYPL_neg_vgood16__mult_gru_per	-1.0	-1.0	-1.0	-1.0	-1.0	-1.0	-1.0	-1.0	-1.0	7.8	10.22	11.82	14.63	15.94	16.36	21.95	23.08	25.0	27.27	29.03	32.14	36.0	40.91	45.0	47.06	50.0	63.64	77.78	100.0	-1.0
TFm_PYPL_neg_good9_mult_28	81.5	0.41	15.0	15.1	12.0	266.0	0.429	0.2082	0.0572	0.2534	0.3901	0.4572	0.5465	0.5751	0.6276	0.6682	0.6714	0.679	0.7034	0.7404	0.7489	0.7561	0.7665	0.783	0.7956	0.8076	0.8188	0.8385	0.8521	0.9856
TFm_PYPL_neg_good9_mult_28_per	-1.0	-1.0	-1.0	-1.0	-1.0	-1.0	-1.0	-1.0	-1.0	6.03	7.52	7.48	8.75	10.45	9.43	10.0	10.53	11.43	12.5	13.33	14.81	16.67	17.39	15.79	12.5	14.29	18.18	12.5	0.0	-1.0
TFm_PYPL_neg_good9_mult_64	87.67	0.29	13.0	16.1	12.0	266.0	0.4848	0.2281	0.0536	0.287	0.463	0.5418	0.6438	0.6884	0.7246	0.7615	0.7678	0.7856	0.7876	0.8014	0.8089	0.8195	0.8238	0.8365	0.8477	0.8499	0.8583	0.8738	0.926	0.9661
TFm_PYPL_neg_good9_mult_64_per	-1.0	-1.0	-1.0	-1.0	-1.0	-1.0	-1.0	-1.0	-1.0	6.03	7.52	9.43	10.0	10.45	7.41	10.0	10.53	11.43	12.5	13.33	14.81	16.67	18.18	21.05	25.0	28.57	36.36	37.5	50.0	-1.0
TFm_PYPL_neg_good9_mult_128	92.84	0.18	10.0	17.2	12.0	266.0	0.484	0.2329	0.0869	0.305	0.45	0.5207	0.6134	0.6564	0.692	0.7738	0.7826	0.796	0.8277	0.8524	0.8689	0.8839	0.8905	0.8946	0.8971	0.8997	0.9092	0.914	0.9281	0.9899
TFm_PYPL_neg_good9_mult_128_per	-1.0	-1.0	-1.0	-1.0	-1.0	-1.0	-1.0	-1.0	-1.0	6.03	6.02	7.48	10.0	10.45	13.21	17.5	15.79	14.29	15.62	16.67	14.81	16.67	18.18	21.05	25.0	28.57	36.36	25.0	33.33	-1.0
TFm_PYPL_neg_good9_mult_conv2	91.84	0.21	13.0	20.3	12.0	266.0	0.5372	0.2624	0.0476	0.322	0.5283	0.6501	0.7511	0.789	0.8185	0.8373	0.8448	0.8492	0.8552	0.862	0.8662	0.8722	0.8795	0.8848	0.8938	0.899	0.9163	0.9348	0.9448	0.9853
TFm_PYPL_neg_good9_mult_conv2_per	-1.0	-1.0	-1.0	-1.0	-1.0	-1.0	-1.0	-1.0	-1.0	6.03	7.52	8.41	10.0	10.45	12.96	15.0	15.79	17.14	18.75	20.0	18.52	20.83	22.73	21.05	25.0	21.43	27.27	37.5	33.33	-1.0
TFm_PYPL_neg_good9_mult_conv	89.12	0.27	10.0	16.1	12.0	266.0	0.6433	0.1497	0.3052	0.5301	0.6381	0.6962	0.7359	0.753	0.7859	0.8056	0.8106	0.8183	0.8239	0.8317	0.8489	0.8625	0.8696	0.8814	0.8896	0.8937	0.9005	0.9066	0.9138	0.9599
TFm_PYPL_neg_good9_mult_conv_per	-1.0	-1.0	-1.0	-1.0	-1.0	-1.0	-1.0	-1.0	-1.0	6.03	8.27	9.35	10.0	7.46	7.55	10.0	10.53	11.43	12.5	13.33	14.81	16.67	18.18	21.05	25.0	28.57	36.36	50.0	66.67	-1.0
TFm_PYPL_neg_good9__simp_cordo	79.05	0.46	18.0	13.7	12.0	266.0	0.4415	0.2796	0.1658	0.1964	0.2898	0.4364	0.607	0.6831	0.8001	0.8622	0.8692	0.8831	0.8926	0.8962	0.9057	0.9111	0.913	0.9209	0.9243	0.9277	0.9331	0.9437	0.9463	0.9632
TFm_PYPL_neg_good9__simp_cordo_per	-1.0	-1.0	-1.0	-1.0	-1.0	-1.0	-1.0	-1.0	-1.0	6.03	7.52	7.55	8.75	8.96	11.11	15.0	15.79	17.14	15.62	13.33	11.11	12.5	13.64	15.79	18.75	21.43	27.27	33.33	33.33	-1.0
TFm_PYPL_neg_good9_mult_linear	75.73	0.5	14.0	13.8	12.0	266.0	0.6527	0.2221	0.0013	0.4418	0.6772	0.7397	0.8151	0.8593	0.8909	0.9106	0.9141	0.9164	0.919	0.9234	0.9282	0.9302	0.9319	0.9341	0.9386	0.9419	0.9477	0.9532	0.963	0.9956
TFm_PYPL_neg_good9_mult_linear_per	-1.0	-1.0	-1.0	-1.0	-1.0	-1.0	-1.0	-1.0	-1.0	6.03	8.27	9.35	8.75	8.96	11.11	10.0	10.53	11.43	12.5	13.33	14.81	12.5	13.64	15.79	20.0	21.43	18.18	25.0	16.67	-1.0
TFm_PYPL_neg_good9_mult_dense2	88.66	0.26	9.0	24.1	12.0	266.0	0.5778	0.1623	0.0279	0.4618	0.5806	0.6196	0.6832	0.7024	0.7099	0.7335	0.7415	0.7449	0.7539	0.7614	0.7783	0.7938	0.8032	0.8143	0.8274	0.8352	0.8382	0.8473	0.8895	0.9853
TFm_PYPL_neg_good9_mult_dense2_per	-1.0	-1.0	-1.0	-1.0	-1.0	-1.0	-1.0	-1.0	-1.0	6.03	9.02	7.48	7.5	9.09	11.11	15.0	15.79	17.14	18.75	20.0	22.22	25.0	27.27	31.58	37.5	42.86	36.36	37.5	33.33	-1.0
TFm_PYPL_neg_good9_mult_lstm	91.45	0.22	8.0	16.1	12.0	266.0	0.5048	0.151	0.2585	0.3781	0.4828	0.5291	0.5755	0.5975	0.616	0.6235	0.6271	0.6399	0.6573	0.6884	0.714	0.8017	0.8047	0.8117	0.816	0.818	0.8266	0.8387	0.8561	0.9505
TFm_PYPL_neg_good9_mult_lstm_per	-1.0	-1.0	-1.0	-1.0	-1.0	-1.0	-1.0	-1.0	-1.0	6.0	9.02	7.55	8.75	8.96	9.26	12.5	13.16	11.43	12.5	13.33	14.81	16.67	18.18	21.05	18.75	21.43	27.27	37.5	50.0	-1.0
TFm_PYPL_neg_good9__mult_gru	92.37	0.18	15.0	29.2	12.0	266.0	0.4287	0.3726	0.0032	0.0471	0.3573	0.5965	0.7449	0.8177	0.86	0.9108	0.9202	0.9332	0.9449	0.9503	0.952	0.9543	0.9558	0.959	0.962	0.9655	0.9731	0.9801	0.9893	0.9954
TFm_PYPL_neg_good9__mult_gru_per	-1.0	-1.0	-1.0	-1.0	-1.0	-1.0	-1.0	-1.0	-1.0	6.06	9.02	9.43	10.0	11.94	15.09	20.0	21.05	22.86	25.0	26.67	25.93	29.17	31.82	36.84	43.75	50.0	63.64	87.5	83.33	-1.0
TFm_PYPL_neg_reg4_mult_28	85.75	0.32	20.0	16.1	11.0	266.0	0.3774	0.2775	0.0273	0.1265	0.2853	0.4199	0.5595	0.6426	0.6864	0.7364	0.751	0.77	0.7911	0.797	0.8005	0.8104	0.8206	0.8421	0.8469	0.8603	0.8744	0.8983	0.9154	0.9929
TFm_PYPL_neg_reg4_mult_28_per	-1.0	-1.0	-1.0	-1.0	-1.0	-1.0	-1.0	-1.0	-1.0	5.53	7.52	9.35	11.25	13.43	12.96	10.0	10.53	11.43	12.5	13.33	14.81	16.67	18.18	21.05	18.75	21.43	27.27	37.5	50.0	-1.0
TFm_PYPL_neg_reg4_mult_64	94.97	0.15	18.0	21.6	11.0	266.0	0.4505	0.3111	0.0019	0.1593	0.4117	0.5662	0.692	0.7302	0.7961	0.8258	0.8321	0.8388	0.8508	0.8702	0.8869	0.895	0.9073	0.9148	0.9161	0.9292	0.9458	0.9504	0.9805	0.9995
TFm_PYPL_neg_reg4_mult_64_per	-1.0	-1.0	-1.0	-1.0	-1.0	-1.0	-1.0	-1.0	-1.0	5.03	7.52	8.41	11.25	11.94	14.81	17.5	18.42	17.14	18.75	20.0	22.22	25.0	22.73	21.05	25.0	28.57	36.36	50.0	42.86	-1.0
TFm_PYPL_neg_reg4_mult_128	95.36	0.12	12.0	15.2	11.0	266.0	0.3826	0.2589	0.0129	0.1827	0.3032	0.3617	0.4662	0.5537	0.6434	0.7458	0.7538	0.7796	0.7985	0.8015	0.8383	0.846	0.8602	0.8709	0.8811	0.8899	0.8942	0.8985	0.9266	0.9924
TFm_PYPL_neg_reg4_mult_128_per	-1.0	-1.0	-1.0	-1.0	-1.0	-1.0	-1.0	-1.0	-1.0	5.53	6.77	8.41	10.0	11.94	15.09	15.0	15.79	11.43	12.5	13.33	14.81	16.67	18.18	15.79	18.75	21.43	25.0	37.5	33.33	-1.0
TFm_PYPL_neg_reg4_mult_conv2	86.27	0.54	13.0	16.2	11.0	266.0	0.6146	0.2912	0.0464	0.3375	0.655	0.7764	0.8739	0.8959	0.9198	0.943	0.9494	0.9548	0.9614	0.9639	0.9673	0.9718	0.973	0.9743	0.9766	0.9782	0.9793	0.9827	0.9923	0.9997
TFm_PYPL_neg_reg4_mult_conv2_per	-1.0	-1.0	-1.0	-1.0	-1.0	-1.0	-1.0	-1.0	-1.0	5.53	8.27	9.43	10.0	10.45	13.21	9.76	10.53	11.43	12.5	13.33	14.81	16.67	19.05	21.05	25.0	28.57	36.36	50.0	66.67	-1.0
TFm_PYPL_neg_reg4_mult_conv	93.33	0.18	9.0	22.5	11.0	266.0	0.5443	0.1591	0.2165	0.4272	0.508	0.5702	0.6216	0.6436	0.6687	0.7024	0.7061	0.7133	0.723	0.7382	0.7502	0.7654	0.7927	0.8249	0.8538	0.8727	0.8928	0.9166	0.9277	0.9861
TFm_PYPL_neg_reg4_mult_conv_per	-1.0	-1.0	-1.0	-1.0	-1.0	-1.0	-1.0	-1.0	-1.0	5.53	7.52	8.41	11.25	13.43	15.09	15.0	15.79	17.14	18.75	20.0	22.22	25.0	22.73	26.32	25.0	28.57	27.27	25.0	33.33	-1.0
TFm_PYPL_neg_reg4__simp_cordo	86.27	0.33	14.0	17.2	11.0	266.0	0.3743	0.2844	0.0899	0.1315	0.2149	0.3595	0.5191	0.6135	0.7572	0.8052	0.8106	0.8181	0.8223	0.8351	0.8434	0.8504	0.8595	0.8623	0.869	0.872	0.8751	0.8773	0.8777	0.8798
TFm_PYPL_neg_reg4__simp_cordo_per	-1.0	-1.0	-1.0	-1.0	-1.0	-1.0	-1.0	-1.0	-1.0	5.53	8.27	10.28	12.5	13.43	15.09	15.0	15.79	14.29	15.62	16.67	14.81	16.67	18.18	21.05	25.0	28.57	27.27	37.5	42.86	-1.0
TFm_PYPL_neg_reg4_mult_linear	83.01	0.39	10.0	21.2	11.0	266.0	0.6131	0.2177	0.0262	0.4434	0.6258	0.6879	0.7689	0.812	0.844	0.8705	0.8745	0.8784	0.8818	0.8841	0.8884	0.8916	0.8961	0.9006	0.9079	0.9299	0.9341	0.9525	0.9766	0.9949
TFm_PYPL_neg_reg4_mult_linear_per	-1.0	-1.0	-1.0	-1.0	-1.0	-1.0	-1.0	-1.0	-1.0	5.53	8.27	9.43	11.25	13.43	14.81	15.0	15.79	17.14	18.75	20.0	18.52	20.83	22.73	26.32	31.25	28.57	36.36	25.0	33.33	-1.0
TFm_PYPL_neg_reg4_mult_dense2	88.24	0.28	9.0	12.0	11.0	266.0	0.7107	0.2194	0.1229	0.5854	0.7551	0.8046	0.8691	0.8976	0.9245	0.9402	0.9411	0.9434	0.9443	0.9449	0.9513	0.9574	0.9596	0.9604	0.9621	0.9639	0.9699	0.9753	0.9796	0.9988
TFm_PYPL_neg_reg4_mult_dense2_per	-1.0	-1.0	-1.0	-1.0	-1.0	-1.0	-1.0	-1.0	-1.0	5.53	7.52	8.49	10.0	8.96	9.26	7.5	8.11	8.57	9.38	10.0	11.11	12.0	13.64	15.79	18.75	21.43	27.27	37.5	50.0	-1.0
TFm_PYPL_neg_reg4_mult_lstm	97.58	0.06	13.0	24.1	11.0	266.0	0.701	0.3176	0.0028	0.5232	0.8542	0.8985	0.9268	0.9353	0.9483	0.9626	0.9663	0.9686	0.972	0.9768	0.9798	0.982	0.9843	0.9853	0.9898	0.9902	0.9947	0.997	0.9984	0.9999
TFm_PYPL_neg_reg4_mult_lstm_per	-1.0	-1.0	-1.0	-1.0	-1.0	-1.0	-1.0	-1.0	-1.0	5.53	7.52	8.33	11.25	11.94	13.21	15.0	15.79	17.14	18.75	20.0	22.22	25.0	27.27	31.58	37.5	42.86	54.55	75.0	66.67	-1.0
TFm_PYPL_neg_reg4__mult_gru	94.71	0.14	10.0	20.1	11.0	266.0	0.5096	0.2929	0.0688	0.2332	0.4889	0.5922	0.7317	0.8052	0.8427	0.8984	0.9045	0.9084	0.9119	0.9198	0.9214	0.9304	0.9377	0.9408	0.9582	0.9641	0.9688	0.9716	0.9723	0.9935
TFm_PYPL_neg_reg4__mult_gru_per	-1.0	-1.0	-1.0	-1.0	-1.0	-1.0	-1.0	-1.0	-1.0	5.53	7.52	9.43	11.25	11.94	13.21	12.5	13.16	14.29	15.62	16.67	18.52	20.83	22.73	26.32	25.0	21.43	27.27	33.33	50.0	-1.0
TFm_PYPL_neg_low1_mult_28	92.0	0.21	22.0	21.2	10.0	266.0	0.5209	0.2545	0.0295	0.3026	0.5087	0.5902	0.6976	0.7469	0.7756	0.8197	0.8258	0.8349	0.8486	0.8586	0.8626	0.8733	0.8907	0.9076	0.9144	0.9275	0.937	0.9409	0.9552	0.9986
TFm_PYPL_neg_low1_mult_28_per	-1.0	-1.0	-1.0	-1.0	-1.0	-1.0	-1.0	-1.0	-1.0	5.03	7.52	7.48	8.75	10.45	13.21	17.5	18.42	20.0	18.75	20.0	18.52	20.83	22.73	26.32	31.25	35.71	45.45	50.0	66.67	-1.0
TFm_PYPL_neg_low1_mult_64	91.07	0.22	8.0	20.1	10.0	266.0	0.5735	0.0751	0.4293	0.522	0.5661	0.5818	0.6008	0.6111	0.6306	0.6427	0.6446	0.6486	0.6546	0.6617	0.666	0.6735	0.6764	0.6908	0.7022	0.7068	0.7237	0.7305	0.7473	0.93
TFm_PYPL_neg_low1_mult_64_per	-1.0	-1.0	-1.0	-1.0	-1.0	-1.0	-1.0	-1.0	-1.0	4.52	5.26	6.54	8.75	10.45	13.21	12.5	13.16	14.29	15.62	16.67	18.52	20.83	22.73	26.32	31.25	28.57	36.36	50.0	33.33	-1.0
TFm_PYPL_neg_low1_mult_128	95.67	0.12	11.0	21.2	10.0	266.0	0.7082	0.2277	0.0354	0.5708	0.7577	0.8244	0.8794	0.8986	0.9216	0.9418	0.9423	0.9473	0.9508	0.9533	0.9581	0.9612	0.9635	0.9649	0.9659	0.9703	0.9732	0.982	0.9846	0.9991
TFm_PYPL_neg_low1_mult_128_per	-1.0	-1.0	-1.0	-1.0	-1.0	-1.0	-1.0	-1.0	-1.0	4.02	5.97	6.6	8.75	10.45	13.21	15.0	15.79	17.14	18.75	20.0	18.52	20.83	22.73	26.32	31.25	35.71	45.45	50.0	66.67	-1.0
TFm_PYPL_neg_low1_mult_conv	97.27	0.11	9.0	11.0	10.0	266.0	0.7768	0.0936	0.4398	0.7412	0.7972	0.8089	0.826	0.8379	0.8497	0.8575	0.8583	0.8612	0.8666	0.8719	0.8746	0.8774	0.8788	0.8827	0.8881	0.8915	0.8959	0.8995	0.9087	0.9768
TFm_PYPL_neg_low1_mult_conv_per	-1.0	-1.0	-1.0	-1.0	-1.0	-1.0	-1.0	-1.0	-1.0	3.52	3.76	4.67	6.25	5.97	7.41	10.0	10.53	11.43	12.5	10.0	11.11	12.5	9.09	10.53	12.5	14.29	18.18	25.0	33.33	-1.0
TFm_PYPL_neg_low1__simp_cordo	90.4	0.24	23.0	26.3	10.0	266.0	0.5018	0.3373	0.0243	0.1474	0.5253	0.7051	0.8053	0.8609	0.8797	0.8977	0.9008	0.9037	0.9044	0.9069	0.909	0.9111	0.9126	0.9144	0.9169	0.9229	0.9296	0.9334	0.9457	0.9618
TFm_PYPL_neg_low1__simp_cordo_per	-1.0	-1.0	-1.0	-1.0	-1.0	-1.0	-1.0	-1.0	-1.0	5.03	6.77	6.6	8.75	10.45	12.96	17.5	18.42	20.0	21.21	23.33	25.93	29.17	31.82	26.32	31.25	35.71	45.45	50.0	66.67	-1.0
TFm_PYPL_neg_low1_mult_linear	81.6	0.41	12.0	15.8	10.0	266.0	0.862	0.0911	0.3763	0.8259	0.8789	0.897	0.909	0.9243	0.9304	0.9398	0.9427	0.9447	0.946	0.9474	0.9514	0.955	0.9556	0.9589	0.9633	0.9661	0.9703	0.9718	0.9728	0.99
TFm_PYPL_neg_low1_mult_linear_per	-1.0	-1.0	-1.0	-1.0	-1.0	-1.0	-1.0	-1.0	-1.0	5.03	6.02	7.55	8.86	10.45	13.21	12.5	13.16	11.43	12.5	13.33	14.81	16.0	17.39	21.05	12.5	14.29	18.18	22.22	33.33	-1.0
TFm_PYPL_neg_low1_mult_dense2	92.6	0.22	19.0	8.1	10.0	266.0	0.7151	0.3393	0.0006	0.5183	0.8944	0.9372	0.9656	0.9782	0.9876	0.9922	0.994	0.9948	0.9956	0.9957	0.9958	0.9962	0.9971	0.998	0.9983	0.9986	0.999	0.9994	0.9996	1.0
TFm_PYPL_neg_low1_mult_dense2_per	-1.0	-1.0	-1.0	-1.0	-1.0	-1.0	-1.0	-1.0	-1.0	4.02	3.01	1.89	2.5	2.99	3.77	4.88	5.26	5.71	6.25	7.14	7.41	8.33	9.09	10.53	12.5	14.29	9.09	11.11	14.29	-1.0
TFm_PYPL_neg_low1_mult_lstm	95.67	0.17	9.0	16.2	10.0	266.0	0.8654	0.1281	0.3752	0.8263	0.9086	0.933	0.9475	0.9575	0.9673	0.9756	0.9779	0.9798	0.9814	0.9821	0.9835	0.9851	0.9861	0.9865	0.9872	0.9891	0.9899	0.9905	0.9912	0.9976
TFm_PYPL_neg_low1_mult_lstm_per	-1.0	-1.0	-1.0	-1.0	-1.0	-1.0	-1.0	-1.0	-1.0	4.02	6.02	7.55	8.75	10.45	9.26	10.0	10.53	11.43	12.5	13.79	14.81	16.67	18.18	21.05	22.22	28.57	27.27	33.33	50.0	-1.0
TFm_PYPL_neg_low1__mult_gru	93.4	0.18	11.0	26.5	10.0	266.0	0.38	0.2889	0.0115	0.1265	0.3089	0.4137	0.5265	0.6078	0.7014	0.7667	0.7774	0.7893	0.8011	0.81	0.8156	0.8329	0.8531	0.8749	0.8944	0.9159	0.9306	0.9317	0.9455	0.9886
TFm_PYPL_neg_low1__mult_gru_per	-1.0	-1.0	-1.0	-1.0	-1.0	-1.0	-1.0	-1.0	-1.0	4.52	6.02	7.48	8.75	10.45	12.96	17.5	18.42	20.0	21.88	23.33	25.93	29.17	27.27	31.58	37.5	42.86	45.45	50.0	50.0	-1.0
TFm_PYPL_pos_vgood16_mult_28	71.87	0.54	8.0	25.0	13.0	275.0	0.5262	0.1256	0.3485	0.424	0.4819	0.5285	0.5794	0.5979	0.6234	0.6341	0.6373	0.6395	0.7048	0.7613	0.7805	0.7828	0.7873	0.7902	0.7933	0.7967	0.7995	0.8011	0.8034	0.8117
TFm_PYPL_pos_vgood16_mult_28_per	-1.0	-1.0	-1.0	-1.0	-1.0	-1.0	-1.0	-1.0	-1.0	5.83	8.76	10.91	9.64	11.59	14.55	19.51	20.51	22.22	21.21	22.58	25.0	24.0	27.27	30.0	35.29	42.86	50.0	55.56	50.0	-1.0
TFm_PYPL_pos_vgood16_mult_64	80.63	0.42	13.0	27.3	13.0	275.0	0.3925	0.2225	0.0997	0.2102	0.3617	0.4133	0.4953	0.5201	0.5345	0.5751	0.5817	0.5891	0.6189	0.7508	0.7777	0.7955	0.8187	0.8404	0.878	0.8987	0.9049	0.9079	0.9203	0.9629
TFm_PYPL_pos_vgood16_mult_64_per	-1.0	-1.0	-1.0	-1.0	-1.0	-1.0	-1.0	-1.0	-1.0	6.31	9.49	11.82	14.46	17.14	18.18	16.67	17.95	19.44	21.21	22.58	25.0	28.0	31.82	35.0	29.41	23.08	27.27	22.22	16.67	-1.0
TFm_PYPL_pos_vgood16_mult_128	82.48	0.41	8.0	27.3	13.0	275.0	0.4238	0.2099	0.1828	0.2693	0.3168	0.3932	0.5126	0.5576	0.6115	0.6351	0.6374	0.6417	0.6563	0.8312	0.8516	0.8592	0.86	0.8612	0.8679	0.8717	0.875	0.88	0.8834	0.9025
TFm_PYPL_pos_vgood16_mult_128_per	-1.0	-1.0	-1.0	-1.0	-1.0	-1.0	-1.0	-1.0	-1.0	6.31	8.7	10.91	13.25	11.59	12.73	16.67	17.95	19.44	21.21	22.58	25.0	28.0	31.82	35.0	41.18	42.86	45.45	44.44	33.33	-1.0
TFm_PYPL_pos_vgood16_mult_conv2	89.19	0.26	12.0	31.2	13.0	275.0	0.354	0.2517	0.0393	0.1639	0.2777	0.3448	0.4299	0.4883	0.5748	0.6588	0.6755	0.6877	0.737	0.7616	0.7817	0.7899	0.8144	0.8477	0.8759	0.8933	0.9035	0.9157	0.9332	0.9975
TFm_PYPL_pos_vgood16_mult_conv2_per	-1.0	-1.0	-1.0	-1.0	-1.0	-1.0	-1.0	-1.0	-1.0	5.34	8.03	10.0	13.25	15.94	20.0	21.43	20.51	22.22	24.24	25.81	28.57	32.0	36.36	40.0	41.18	42.86	36.36	44.44	33.33	-1.0
TFm_PYPL_pos_vgood16_mult_conv	81.33	0.43	9.0	27.8	13.0	275.0	0.4376	0.1984	0.2257	0.2942	0.3501	0.3949	0.5057	0.5256	0.5714	0.588	0.5979	0.6179	0.6883	0.8637	0.8723	0.8761	0.8787	0.8843	0.8895	0.8953	0.9035	0.9058	0.9112	0.9485
TFm_PYPL_pos_vgood16_mult_conv_per	-1.0	-1.0	-1.0	-1.0	-1.0	-1.0	-1.0	-1.0	-1.0	6.31	8.76	10.91	13.25	14.49	16.36	21.43	23.08	25.0	24.24	22.58	25.0	28.0	31.82	35.0	29.41	21.43	16.67	22.22	16.67	-1.0
TFm_PYPL_pos_vgood16__simp_cordo	71.61	0.54	16.0	25.0	13.0	275.0	0.4328	0.1826	0.2137	0.3015	0.3418	0.3962	0.4828	0.5114	0.5729	0.6223	0.6241	0.6315	0.646	0.7435	0.8094	0.841	0.8513	0.8523	0.8554	0.8579	0.8602	0.8646	0.8657	0.877
TFm_PYPL_pos_vgood16__simp_cordo_per	-1.0	-1.0	-1.0	-1.0	-1.0	-1.0	-1.0	-1.0	-1.0	6.31	8.76	10.91	12.05	11.59	14.55	16.67	17.95	19.44	21.21	22.58	25.0	24.0	27.27	30.0	35.29	42.86	54.55	66.67	66.67	-1.0
TFm_PYPL_pos_vgood16_mult_linear	72.06	0.51	29.0	26.4	13.0	275.0	0.4404	0.2451	0.0337	0.2334	0.4224	0.4832	0.5571	0.6066	0.717	0.7487	0.7601	0.7642	0.7717	0.7833	0.8021	0.8082	0.8453	0.8589	0.8723	0.8788	0.8877	0.9075	0.9133	0.9648
TFm_PYPL_pos_vgood16_mult_linear_per	-1.0	-1.0	-1.0	-1.0	-1.0	-1.0	-1.0	-1.0	-1.0	6.31	9.42	10.91	9.64	11.59	12.73	16.67	17.95	19.44	21.21	22.58	25.0	28.0	31.82	30.0	35.29	35.71	45.45	55.56	66.67	-1.0
TFm_PYPL_pos_vgood16_mult_dense2	82.16	0.36	14.0	27.3	13.0	275.0	0.3671	0.2294	0.0003	0.1811	0.3731	0.4429	0.4928	0.5097	0.5285	0.5721	0.574	0.5774	0.5816	0.5867	0.6036	0.6223	0.689	0.7297	0.7666	0.8067	0.85	0.9116	0.9354	0.973
TFm_PYPL_pos_vgood16_mult_dense2_per	-1.0	-1.0	-1.0	-1.0	-1.0	-1.0	-1.0	-1.0	-1.0	5.83	8.7	10.81	13.25	11.59	12.73	16.67	17.95	19.44	21.21	22.58	25.0	28.0	31.82	35.0	41.18	50.0	54.55	66.67	50.0	-1.0
TFm_PYPL_pos_vgood16_mult_lstm	80.18	0.41	11.0	27.8	13.0	275.0	0.4945	0.2764	0.0455	0.2647	0.5007	0.5747	0.659	0.7439	0.7844	0.8415	0.85	0.8555	0.873	0.8848	0.8917	0.8969	0.9017	0.9102	0.9206	0.9251	0.9298	0.9334	0.9398	0.9658
TFm_PYPL_pos_vgood16_mult_lstm_per	-1.0	-1.0	-1.0	-1.0	-1.0	-1.0	-1.0	-1.0	-1.0	6.31	9.42	11.82	15.66	17.39	20.0	26.19	28.21	30.56	24.24	22.58	25.0	28.0	31.82	35.0	29.41	28.57	18.18	22.22	16.67	-1.0
TFm_PYPL_pos_vgood16__mult_gru	80.24	0.41	12.0	27.3	13.0	275.0	0.421	0.2562	0.0671	0.1908	0.3765	0.4668	0.5857	0.622	0.6687	0.7063	0.7115	0.7298	0.7392	0.7873	0.8398	0.8431	0.8596	0.8766	0.9017	0.9094	0.9172	0.9215	0.9324	0.9601
TFm_PYPL_pos_vgood16__mult_gru_per	-1.0	-1.0	-1.0	-1.0	-1.0	-1.0	-1.0	-1.0	-1.0	6.31	9.42	11.82	15.66	17.39	18.18	23.81	23.08	19.44	21.21	22.58	25.0	28.0	31.82	35.0	35.29	35.71	18.18	22.22	16.67	-1.0
TFm_PYPL_pos_good9_mult_28	86.68	0.38	9.0	28.2	13.0	266.0	0.457	0.148	0.2798	0.3561	0.3992	0.4408	0.4737	0.5122	0.5427	0.5688	0.5794	0.5813	0.592	0.6076	0.6276	0.6479	0.7494	0.8091	0.8307	0.839	0.8538	0.8677	0.8783	0.9692
TFm_PYPL_pos_good9_mult_28_per	-1.0	-1.0	-1.0	-1.0	-1.0	-1.0	-1.0	-1.0	-1.0	6.03	8.27	8.41	8.75	10.45	12.96	17.5	18.42	20.0	21.88	23.33	25.93	29.17	31.82	36.84	31.25	28.57	27.27	25.0	16.67	-1.0
TFm_PYPL_pos_good9_mult_64	90.96	0.26	10.0	28.2	13.0	266.0	0.3942	0.2205	0.088	0.2098	0.3441	0.4218	0.5344	0.5447	0.5641	0.5782	0.5842	0.5883	0.6018	0.6071	0.6201	0.6551	0.7372	0.7913	0.9001	0.9251	0.93	0.946	0.954	0.9774
TFm_PYPL_pos_good9_mult_64_per	-1.0	-1.0	-1.0	-1.0	-1.0	-1.0	-1.0	-1.0	-1.0	6.53	7.52	9.35	11.25	13.43	16.98	20.0	21.05	20.0	21.88	23.33	25.93	29.17	31.82	36.84	37.5	42.86	54.55	75.0	83.33	-1.0
TFm_PYPL_pos_good9_mult_128	93.21	0.19	10.0	25.5	13.0	266.0	0.2972	0.2606	0.0187	0.1224	0.1998	0.2612	0.3462	0.3673	0.4236	0.5077	0.5749	0.6237	0.7098	0.7703	0.7966	0.8092	0.8707	0.9051	0.9217	0.946	0.957	0.9693	0.9696	0.9934
TFm_PYPL_pos_good9_mult_128_per	-1.0	-1.0	-1.0	-1.0	-1.0	-1.0	-1.0	-1.0	-1.0	6.03	8.27	10.38	13.75	14.93	18.52	22.5	23.68	25.71	25.0	23.33	25.93	25.0	27.27	26.32	25.0	28.57	36.36	37.5	33.33	-1.0
TFm_PYPL_pos_good9_mult_conv2	92.68	0.2	13.0	22.5	13.0	266.0	0.3281	0.2842	0.0111	0.0875	0.2178	0.3206	0.4552	0.5113	0.6107	0.6912	0.7064	0.7184	0.7357	0.7521	0.7554	0.7766	0.7869	0.8299	0.9172	0.9634	0.9692	0.9732	0.979	0.9843
TFm_PYPL_pos_good9_mult_conv2_per	-1.0	-1.0	-1.0	-1.0	-1.0	-1.0	-1.0	-1.0	-1.0	6.53	9.02	11.21	12.5	13.43	15.09	17.5	18.42	17.14	18.75	20.0	22.22	25.0	22.73	26.32	31.25	28.57	36.36	50.0	50.0	-1.0
TFm_PYPL_pos_good9_mult_conv	92.22	0.22	9.0	24.1	13.0	266.0	0.5373	0.1046	0.3222	0.4725	0.5211	0.5416	0.5572	0.5662	0.5795	0.6056	0.6185	0.6313	0.6401	0.6725	0.6761	0.6888	0.6987	0.7052	0.7326	0.7747	0.8201	0.8481	0.8555	0.8906
TFm_PYPL_pos_good9_mult_conv_per	-1.0	-1.0	-1.0	-1.0	-1.0	-1.0	-1.0	-1.0	-1.0	6.03	8.27	9.43	11.25	13.43	14.81	15.0	15.79	17.14	18.75	20.0	22.22	25.0	27.27	31.58	37.5	35.71	36.36	50.0	33.33	-1.0
TFm_PYPL_pos_good9__simp_cordo	75.86	0.52	8.0	28.2	13.0	266.0	0.4275	0.1281	0.3533	0.3552	0.3577	0.3652	0.4093	0.4209	0.4975	0.5479	0.5502	0.5596	0.5636	0.5786	0.5868	0.6117	0.7355	0.7535	0.7625	0.7671	0.7738	0.7818	0.7854	0.8584
TFm_PYPL_pos_good9__simp_cordo_per	-1.0	-1.0	-1.0	-1.0	-1.0	-1.0	-1.0	-1.0	-1.0	5.47	8.27	9.35	8.75	10.45	13.21	17.5	18.42	20.0	21.88	23.33	25.93	29.17	31.82	36.84	31.25	28.57	18.18	12.5	0.0	-1.0
TFm_PYPL_pos_good9_mult_linear	78.76	0.46	14.0	22.7	13.0	266.0	0.5899	0.1749	0.0152	0.4709	0.589	0.6244	0.6643	0.6922	0.7364	0.7764	0.7817	0.797	0.8102	0.8264	0.839	0.8446	0.8749	0.887	0.901	0.9119	0.9269	0.931	0.9362	0.9779
TFm_PYPL_pos_good9_mult_linear_per	-1.0	-1.0	-1.0	-1.0	-1.0	-1.0	-1.0	-1.0	-1.0	6.53	8.27	8.49	10.0	10.45	13.21	17.5	18.42	20.0	21.88	23.33	22.22	25.0	22.73	21.05	18.75	7.14	0.0	0.0	0.0	-1.0
TFm_PYPL_pos_good9_mult_dense2	88.46	0.26	15.0	24.3	13.0	266.0	0.4155	0.2744	0.0	0.1778	0.4213	0.5199	0.5999	0.6252	0.6772	0.7373	0.7506	0.7608	0.79	0.8046	0.8074	0.8133	0.8199	0.8229	0.8283	0.8409	0.8648	0.8864	0.8967	0.9085
TFm_PYPL_pos_good9_mult_dense2_per	-1.0	-1.0	-1.0	-1.0	-1.0	-1.0	-1.0	-1.0	-1.0	6.53	9.77	10.28	10.0	11.94	15.09	20.0	21.05	22.86	21.88	23.33	22.22	25.0	27.27	26.32	31.25	35.71	27.27	25.0	33.33	-1.0
TFm_PYPL_pos_good9_mult_lstm	94.79	0.16	13.0	29.2	13.0	266.0	0.2279	0.2681	0.0	0.0445	0.1115	0.1591	0.2126	0.2838	0.4323	0.6081	0.643	0.6642	0.6809	0.7157	0.7183	0.7229	0.7376	0.7449	0.754	0.7916	0.8757	0.8989	0.9343	0.9971
TFm_PYPL_pos_good9_mult_lstm_per	-1.0	-1.0	-1.0	-1.0	-1.0	-1.0	-1.0	-1.0	-1.0	6.03	8.27	10.38	13.75	16.42	18.87	22.5	23.68	25.71	25.0	26.67	25.93	29.17	31.82	36.84	31.25	35.71	45.45	50.0	50.0	-1.0
TFm_PYPL_pos_good9__mult_gru	94.2	0.17	14.0	21.7	13.0	266.0	0.554	0.3358	0.0072	0.2838	0.6215	0.7226	0.8381	0.865	0.917	0.9395	0.9421	0.945	0.9484	0.9519	0.9552	0.9569	0.9595	0.962	0.9643	0.9658	0.9702	0.9744	0.9805	0.9884
TFm_PYPL_pos_good9__mult_gru_per	-1.0	-1.0	-1.0	-1.0	-1.0	-1.0	-1.0	-1.0	-1.0	6.03	7.52	8.41	10.0	11.94	12.96	17.5	18.42	20.0	21.88	20.0	18.52	20.83	22.73	26.32	25.0	21.43	18.18	22.22	16.67	-1.0
TFm_PYPL_pos_reg4_mult_28	90.78	0.26	13.0	21.2	10.0	266.0	0.4162	0.1708	0.0547	0.3086	0.3816	0.4121	0.4599	0.4769	0.5136	0.5709	0.5862	0.5918	0.6062	0.6086	0.6246	0.636	0.6653	0.6841	0.7235	0.765	0.8469	0.9054	0.9452	0.9877
TFm_PYPL_pos_reg4_mult_28_per	-1.0	-1.0	-1.0	-1.0	-1.0	-1.0	-1.0	-1.0	-1.0	4.02	6.02	7.55	10.0	11.94	11.11	15.0	15.79	17.14	18.75	20.0	18.52	20.83	22.73	26.32	31.25	35.71	36.36	37.5	33.33	-1.0
TFm_PYPL_pos_reg4_mult_64	91.3	0.24	9.0	24.1	10.0	266.0	0.3533	0.1669	0.1168	0.2394	0.2948	0.3247	0.4045	0.4372	0.4679	0.5079	0.5216	0.5252	0.5331	0.5479	0.5497	0.5528	0.5706	0.5824	0.6135	0.721	0.7941	0.8408	0.8991	0.9621
TFm_PYPL_pos_reg4_mult_64_per	-1.0	-1.0	-1.0	-1.0	-1.0	-1.0	-1.0	-1.0	-1.0	5.03	6.77	8.49	8.75	10.45	12.96	15.0	15.79	17.14	18.75	20.0	22.22	25.0	27.27	31.58	31.25	35.71	36.36	25.0	33.33	-1.0
TFm_PYPL_pos_reg4_mult_128	92.69	0.2	9.0	21.8	10.0	266.0	0.3785	0.1776	0.1237	0.2574	0.3343	0.3716	0.4375	0.4618	0.491	0.5392	0.5494	0.558	0.5678	0.5865	0.6007	0.6134	0.6354	0.6482	0.7055	0.7353	0.8084	0.8765	0.9534	0.9863
TFm_PYPL_pos_reg4_mult_128_per	-1.0	-1.0	-1.0	-1.0	-1.0	-1.0	-1.0	-1.0	-1.0	4.52	6.77	8.49	10.0	10.45	11.32	15.0	15.79	17.14	18.75	20.0	22.22	20.83	22.73	26.32	31.25	35.71	45.45	37.5	33.33	-1.0
TFm_PYPL_pos_reg4_mult_conv	95.52	0.15	10.0	21.8	10.0	266.0	0.3507	0.1874	0.1518	0.2299	0.2756	0.3067	0.3852	0.4264	0.4686	0.5407	0.5476	0.5572	0.5725	0.5872	0.6007	0.6218	0.638	0.6694	0.7059	0.7703	0.8348	0.879	0.9637	0.9862
TFm_PYPL_pos_reg4_mult_conv_per	-1.0	-1.0	-1.0	-1.0	-1.0	-1.0	-1.0	-1.0	-1.0	5.03	6.02	7.55	10.0	11.94	14.81	17.5	18.42	17.14	18.75	20.0	22.22	20.83	22.73	26.32	31.25	35.71	36.36	37.5	33.33	-1.0
TFm_PYPL_pos_reg4__simp_cordo	83.79	0.42	17.0	20.1	10.0	266.0	0.3654	0.2472	0.2386	0.2394	0.2404	0.2413	0.2543	0.2893	0.3704	0.8627	0.8835	0.8988	0.9057	0.9093	0.9132	0.9161	0.9201	0.9238	0.9256	0.9272	0.9282	0.9287	0.9298	0.9329
TFm_PYPL_pos_reg4__simp_cordo_per	-1.0	-1.0	-1.0	-1.0	-1.0	-1.0	-1.0	-1.0	-1.0	4.81	6.02	7.48	8.75	10.45	11.11	12.5	13.16	14.29	15.62	16.67	18.52	20.83	22.73	26.32	31.25	35.71	41.67	37.5	33.33	-1.0
TFm_PYPL_pos_reg4_mult_linear	82.87	0.43	16.0	11.2	10.0	266.0	0.7964	0.1613	0.2	0.7566	0.8385	0.8672	0.8876	0.9083	0.9217	0.9297	0.9335	0.9344	0.9357	0.9387	0.9399	0.9414	0.9449	0.9521	0.9622	0.9644	0.9689	0.9763	0.9818	0.9887
TFm_PYPL_pos_reg4_mult_linear_per	-1.0	-1.0	-1.0	-1.0	-1.0	-1.0	-1.0	-1.0	-1.0	4.02	6.02	7.55	10.0	11.94	12.96	12.5	10.53	8.57	9.38	10.0	11.11	12.5	13.64	10.53	6.25	7.14	9.09	12.5	0.0	-1.0
TFm_PYPL_pos_reg4_mult_dense2	93.48	0.18	30.0	20.3	10.0	266.0	0.6095	0.3876	0.0	0.1994	0.7951	0.8988	0.939	0.9621	0.9692	0.9771	0.9784	0.9789	0.9802	0.9811	0.9821	0.9838	0.9869	0.9889	0.9917	0.9932	0.9957	0.9975	0.9991	1.0
TFm_PYPL_pos_reg4_mult_dense2_per	-1.0	-1.0	-1.0	-1.0	-1.0	-1.0	-1.0	-1.0	-1.0	4.02	4.51	5.61	7.5	8.96	11.32	15.0	15.79	17.14	18.75	20.69	22.22	20.83	18.18	21.05	23.53	30.77	36.36	50.0	66.67	-1.0
TFm_PYPL_pos_reg4_mult_lstm	90.51	0.21	8.0	20.1	10.0	266.0	0.4687	0.1118	0.3719	0.4013	0.4154	0.4264	0.4807	0.528	0.5443	0.5804	0.5852	0.5912	0.5967	0.6148	0.6217	0.634	0.6378	0.6458	0.6522	0.6635	0.668	0.727	0.89	0.9758
TFm_PYPL_pos_reg4_mult_lstm_per	-1.0	-1.0	-1.0	-1.0	-1.0	-1.0	-1.0	-1.0	-1.0	5.03	7.52	8.49	10.0	10.45	12.96	15.0	15.79	14.29	15.62	16.67	18.52	20.83	22.73	26.32	31.25	28.57	36.36	37.5	33.33	-1.0
TFm_PYPL_pos_reg4__mult_gru	91.24	0.21	10.0	24.0	10.0	266.0	0.4245	0.1549	0.1239	0.3756	0.4327	0.4387	0.4458	0.4495	0.4544	0.4593	0.4614	0.4637	0.4659	0.4676	0.4695	0.4728	0.5398	0.6701	0.7208	0.8326	0.8898	0.9033	0.9305	0.9647
TFm_PYPL_pos_reg4__mult_gru_per	-1.0	-1.0	-1.0	-1.0	-1.0	-1.0	-1.0	-1.0	-1.0	4.02	5.97	7.48	8.86	10.45	12.96	15.0	16.22	17.14	18.75	19.35	22.22	25.0	27.27	31.58	37.5	42.86	45.45	37.5	16.67	-1.0
TFm_PYPL_pos_low1_mult_28	92.12	0.2	9.0	22.5	12.0	266.0	0.3425	0.2105	0.0823	0.1792	0.2557	0.3212	0.428	0.4797	0.5506	0.584	0.5901	0.605	0.6239	0.6402	0.6523	0.6665	0.6829	0.7208	0.7705	0.8315	0.8371	0.8449	0.8645	0.9058
TFm_PYPL_pos_low1_mult_28_per	-1.0	-1.0	-1.0	-1.0	-1.0	-1.0	-1.0	-1.0	-1.0	5.5	8.27	10.28	8.75	10.45	13.21	17.5	18.42	17.14	18.75	20.0	22.22	25.0	22.73	26.32	31.25	35.71	40.0	50.0	50.0	-1.0
TFm_PYPL_pos_low1_mult_64	94.68	0.15	8.0	21.8	12.0	266.0	0.374	0.2202	0.1323	0.1998	0.2572	0.3624	0.4919	0.5487	0.6166	0.6599	0.6693	0.6807	0.6882	0.692	0.7127	0.7164	0.7381	0.745	0.7536	0.8224	0.8488	0.8683	0.8821	0.9285
TFm_PYPL_pos_low1_mult_64_per	-1.0	-1.0	-1.0	-1.0	-1.0	-1.0	-1.0	-1.0	-1.0	5.53	8.27	8.49	11.25	10.45	11.32	15.0	15.79	17.14	18.75	20.0	22.22	20.83	22.73	26.32	31.25	28.57	36.36	50.0	33.33	-1.0
TFm_PYPL_pos_low1_mult_128	97.24	0.08	8.0	23.3	12.0	266.0	0.3653	0.2119	0.1274	0.2076	0.2742	0.3465	0.4278	0.4924	0.5479	0.618	0.6334	0.6366	0.6471	0.6623	0.6713	0.688	0.7026	0.7189	0.7346	0.8443	0.9118	0.9313	0.9468	0.9636
TFm_PYPL_pos_low1_mult_128_per	-1.0	-1.0	-1.0	-1.0	-1.0	-1.0	-1.0	-1.0	-1.0	6.0	8.27	9.43	12.5	11.94	15.09	17.5	15.79	17.14	18.75	20.0	22.22	25.0	27.27	26.32	31.25	28.57	36.36	37.5	42.86	-1.0
TFm_PYPL_pos_low1_mult_conv2	88.76	0.29	10.0	20.6	12.0	266.0	0.4441	0.2378	0.14	0.2393	0.3601	0.4575	0.6011	0.6525	0.6909	0.7307	0.7361	0.7421	0.7452	0.7488	0.7513	0.758	0.7969	0.8226	0.8991	0.9404	0.9502	0.9596	0.9655	0.9829
TFm_PYPL_pos_low1_mult_conv2_per	-1.0	-1.0	-1.0	-1.0	-1.0	-1.0	-1.0	-1.0	-1.0	5.53	7.52	9.35	10.0	11.94	13.21	15.0	15.79	17.14	18.75	16.67	18.52	20.83	22.73	26.32	31.25	35.71	36.36	37.5	33.33	-1.0
TFm_PYPL_pos_low1_mult_conv	99.47	0.03	13.0	19.4	12.0	266.0	0.3226	0.2542	0.0101	0.1339	0.2428	0.298	0.3772	0.4275	0.4982	0.645	0.6712	0.6976	0.722	0.7343	0.7442	0.7855	0.8119	0.8328	0.8503	0.8877	0.9124	0.9302	0.9484	0.9904
TFm_PYPL_pos_low1_mult_conv_per	-1.0	-1.0	-1.0	-1.0	-1.0	-1.0	-1.0	-1.0	-1.0	5.53	7.52	9.35	12.5	14.93	18.87	22.5	23.68	22.86	21.88	20.0	18.52	16.67	18.18	21.05	18.75	21.43	27.27	25.0	16.67	-1.0
TFm_PYPL_pos_low1__simp_cordo	92.05	0.19	15.0	25.0	12.0	266.0	0.2777	0.3232	0.0038	0.0115	0.0697	0.221	0.5015	0.5717	0.7222	0.7536	0.7556	0.7577	0.7648	0.7668	0.7725	0.7802	0.7934	0.7977	0.8241	0.843	0.8603	0.8694	0.9124	0.9692
TFm_PYPL_pos_low1__simp_cordo_per	-1.0	-1.0	-1.0	-1.0	-1.0	-1.0	-1.0	-1.0	-1.0	6.03	8.27	8.41	11.25	13.43	14.81	17.5	18.42	20.0	21.88	23.33	25.93	25.0	27.27	26.32	31.25	28.57	27.27	25.0	33.33	-1.0
TFm_PYPL_pos_low1_mult_linear	85.09	0.32	9.0	21.8	12.0	266.0	0.4115	0.1923	0.1492	0.2724	0.3305	0.3895	0.5084	0.5615	0.6032	0.6371	0.6423	0.6487	0.6578	0.6613	0.666	0.6766	0.698	0.7165	0.7861	0.8429	0.8649	0.8756	0.885	0.9312
TFm_PYPL_pos_low1_mult_linear_per	-1.0	-1.0	-1.0	-1.0	-1.0	-1.0	-1.0	-1.0	-1.0	5.53	7.52	9.43	10.0	11.94	11.11	15.0	15.79	17.14	18.75	20.0	22.22	20.83	22.73	26.32	31.25	28.57	36.36	37.5	50.0	-1.0
TFm_PYPL_pos_low1_mult_dense2	95.07	0.16	20.0	17.3	12.0	266.0	0.7791	0.3132	0.0	0.7212	0.9433	0.962	0.9776	0.9827	0.9872	0.9912	0.9917	0.9926	0.993	0.9933	0.9942	0.9952	0.9954	0.9956	0.9962	0.9971	0.9975	0.9984	0.9989	0.9998
TFm_PYPL_pos_low1_mult_dense2_per	-1.0	-1.0	-1.0	-1.0	-1.0	-1.0	-1.0	-1.0	-1.0	6.03	9.02	10.38	12.5	13.43	16.98	20.0	21.62	20.0	22.58	20.69	18.52	12.5	14.29	15.0	17.65	21.43	27.27	37.5	50.0	-1.0
TFm_PYPL_pos_low1_mult_lstm	97.11	0.09	11.0	31.5	12.0	266.0	0.426	0.3595	0.0006	0.0463	0.3774	0.5493	0.7226	0.8029	0.8519	0.8886	0.8953	0.898	0.906	0.9183	0.9298	0.942	0.9489	0.9644	0.9756	0.9807	0.9871	0.9906	0.9914	0.9993
TFm_PYPL_pos_low1_mult_lstm_per	-1.0	-1.0	-1.0	-1.0	-1.0	-1.0	-1.0	-1.0	-1.0	6.03	9.02	11.32	13.75	14.93	18.52	22.5	23.68	25.71	28.12	30.0	33.33	29.17	31.82	36.84	37.5	42.86	45.45	62.5	60.0	-1.0
TFm_PYPL_pos_low1__mult_gru	96.78	0.1	14.0	33.7	12.0	266.0	0.4057	0.3699	0.0049	0.0639	0.2292	0.4602	0.7223	0.8131	0.8671	0.9137	0.9227	0.9329	0.9381	0.9454	0.953	0.96	0.967	0.9733	0.977	0.9801	0.9824	0.9862	0.9884	0.9956
TFm_PYPL_pos_low1__mult_gru_per	-1.0	-1.0	-1.0	-1.0	-1.0	-1.0	-1.0	-1.0	-1.0	6.03	8.27	10.28	12.5	14.93	16.98	22.5	23.68	25.71	28.12	30.0	33.33	37.5	36.36	36.84	43.75	42.86	45.45	50.0	66.67	-1.0
