	TFm_UBER_neg_vgood16_mult_28	TFm_UBER_neg_vgood16_mult_28_per	TFm_UBER_neg_vgood16_mult_64	TFm_UBER_neg_vgood16_mult_64_per	TFm_UBER_neg_vgood16_mult_128	TFm_UBER_neg_vgood16_mult_128_per	TFm_UBER_neg_vgood16_mult_conv2	TFm_UBER_neg_vgood16_mult_conv2_per	TFm_UBER_neg_vgood16_mult_conv	TFm_UBER_neg_vgood16_mult_conv_per	TFm_UBER_neg_vgood16__simp_cordo	TFm_UBER_neg_vgood16__simp_cordo_per	TFm_UBER_neg_vgood16_mult_linear	TFm_UBER_neg_vgood16_mult_linear_per	TFm_UBER_neg_vgood16_mult_dense2	TFm_UBER_neg_vgood16_mult_dense2_per	TFm_UBER_neg_vgood16_mult_lstm	TFm_UBER_neg_vgood16_mult_lstm_per	TFm_UBER_neg_vgood16__mult_gru	TFm_UBER_neg_vgood16__mult_gru_per	TFm_UBER_neg_good9_mult_28	TFm_UBER_neg_good9_mult_28_per	TFm_UBER_neg_good9_mult_64	TFm_UBER_neg_good9_mult_64_per	TFm_UBER_neg_good9_mult_128	TFm_UBER_neg_good9_mult_128_per	TFm_UBER_neg_good9_mult_conv2	TFm_UBER_neg_good9_mult_conv2_per	TFm_UBER_neg_good9_mult_conv	TFm_UBER_neg_good9_mult_conv_per	TFm_UBER_neg_good9__simp_cordo	TFm_UBER_neg_good9__simp_cordo_per	TFm_UBER_neg_good9_mult_linear	TFm_UBER_neg_good9_mult_linear_per	TFm_UBER_neg_good9_mult_dense2	TFm_UBER_neg_good9_mult_dense2_per	TFm_UBER_neg_good9_mult_lstm	TFm_UBER_neg_good9_mult_lstm_per	TFm_UBER_neg_good9__mult_gru	TFm_UBER_neg_good9__mult_gru_per	TFm_UBER_neg_reg4_mult_28	TFm_UBER_neg_reg4_mult_28_per	TFm_UBER_neg_reg4_mult_64	TFm_UBER_neg_reg4_mult_64_per	TFm_UBER_neg_reg4_mult_128	TFm_UBER_neg_reg4_mult_128_per	TFm_UBER_neg_reg4_mult_conv2	TFm_UBER_neg_reg4_mult_conv2_per	TFm_UBER_neg_reg4_mult_conv	TFm_UBER_neg_reg4_mult_conv_per	TFm_UBER_neg_reg4__simp_cordo	TFm_UBER_neg_reg4__simp_cordo_per	TFm_UBER_neg_reg4_mult_linear	TFm_UBER_neg_reg4_mult_linear_per	TFm_UBER_neg_reg4_mult_dense2	TFm_UBER_neg_reg4_mult_dense2_per	TFm_UBER_neg_reg4_mult_lstm	TFm_UBER_neg_reg4_mult_lstm_per	TFm_UBER_neg_reg4__mult_gru	TFm_UBER_neg_reg4__mult_gru_per	TFm_UBER_neg_low1_mult_28	TFm_UBER_neg_low1_mult_28_per	TFm_UBER_neg_low1_mult_64	TFm_UBER_neg_low1_mult_64_per	TFm_UBER_neg_low1_mult_128	TFm_UBER_neg_low1_mult_128_per	TFm_UBER_neg_low1_mult_conv2	TFm_UBER_neg_low1_mult_conv2_per	TFm_UBER_neg_low1_mult_conv	TFm_UBER_neg_low1_mult_conv_per	TFm_UBER_neg_low1__simp_cordo	TFm_UBER_neg_low1__simp_cordo_per	TFm_UBER_neg_low1_mult_linear	TFm_UBER_neg_low1_mult_linear_per	TFm_UBER_neg_low1_mult_dense2	TFm_UBER_neg_low1_mult_dense2_per	TFm_UBER_neg_low1_mult_lstm	TFm_UBER_neg_low1_mult_lstm_per	TFm_UBER_neg_low1__mult_gru	TFm_UBER_neg_low1__mult_gru_per	TFm_UBER_pos_vgood16_mult_28	TFm_UBER_pos_vgood16_mult_28_per	TFm_UBER_pos_vgood16_mult_64	TFm_UBER_pos_vgood16_mult_64_per	TFm_UBER_pos_vgood16_mult_128	TFm_UBER_pos_vgood16_mult_128_per	TFm_UBER_pos_vgood16_mult_conv2	TFm_UBER_pos_vgood16_mult_conv2_per	TFm_UBER_pos_vgood16_mult_conv	TFm_UBER_pos_vgood16_mult_conv_per	TFm_UBER_pos_vgood16__simp_cordo	TFm_UBER_pos_vgood16__simp_cordo_per	TFm_UBER_pos_vgood16_mult_linear	TFm_UBER_pos_vgood16_mult_linear_per	TFm_UBER_pos_vgood16_mult_dense2	TFm_UBER_pos_vgood16_mult_dense2_per	TFm_UBER_pos_vgood16_mult_lstm	TFm_UBER_pos_vgood16_mult_lstm_per	TFm_UBER_pos_vgood16__mult_gru	TFm_UBER_pos_vgood16__mult_gru_per	TFm_UBER_pos_good9_mult_28	TFm_UBER_pos_good9_mult_28_per	TFm_UBER_pos_good9_mult_64	TFm_UBER_pos_good9_mult_64_per	TFm_UBER_pos_good9_mult_128	TFm_UBER_pos_good9_mult_128_per	TFm_UBER_pos_good9_mult_conv2	TFm_UBER_pos_good9_mult_conv2_per	TFm_UBER_pos_good9_mult_conv	TFm_UBER_pos_good9_mult_conv_per	TFm_UBER_pos_good9__simp_cordo	TFm_UBER_pos_good9__simp_cordo_per	TFm_UBER_pos_good9_mult_linear	TFm_UBER_pos_good9_mult_linear_per	TFm_UBER_pos_good9_mult_dense2	TFm_UBER_pos_good9_mult_dense2_per	TFm_UBER_pos_good9_mult_lstm	TFm_UBER_pos_good9_mult_lstm_per	TFm_UBER_pos_good9__mult_gru	TFm_UBER_pos_good9__mult_gru_per	TFm_UBER_pos_reg4_mult_28	TFm_UBER_pos_reg4_mult_28_per	TFm_UBER_pos_reg4_mult_64	TFm_UBER_pos_reg4_mult_64_per	TFm_UBER_pos_reg4_mult_128	TFm_UBER_pos_reg4_mult_128_per	TFm_UBER_pos_reg4_mult_conv	TFm_UBER_pos_reg4_mult_conv_per	TFm_UBER_pos_reg4__simp_cordo	TFm_UBER_pos_reg4__simp_cordo_per	TFm_UBER_pos_reg4_mult_linear	TFm_UBER_pos_reg4_mult_linear_per	TFm_UBER_pos_reg4_mult_dense2	TFm_UBER_pos_reg4_mult_dense2_per	TFm_UBER_pos_reg4_mult_lstm	TFm_UBER_pos_reg4_mult_lstm_per	TFm_UBER_pos_reg4__mult_gru	TFm_UBER_pos_reg4__mult_gru_per	TFm_UBER_pos_low1_mult_28	TFm_UBER_pos_low1_mult_28_per	TFm_UBER_pos_low1_mult_64	TFm_UBER_pos_low1_mult_64_per	TFm_UBER_pos_low1_mult_128	TFm_UBER_pos_low1_mult_128_per	TFm_UBER_pos_low1_mult_conv	TFm_UBER_pos_low1_mult_conv_per	TFm_UBER_pos_low1__simp_cordo	TFm_UBER_pos_low1__simp_cordo_per	TFm_UBER_pos_low1_mult_linear	TFm_UBER_pos_low1_mult_linear_per	TFm_UBER_pos_low1_mult_dense2	TFm_UBER_pos_low1_mult_dense2_per	TFm_UBER_pos_low1_mult_lstm	TFm_UBER_pos_low1_mult_lstm_per	TFm_UBER_pos_low1__mult_gru	TFm_UBER_pos_low1__mult_gru_per	TFm_PYPL_neg_vgood16_mult_28	TFm_PYPL_neg_vgood16_mult_28_per	TFm_PYPL_neg_vgood16_mult_64	TFm_PYPL_neg_vgood16_mult_64_per	TFm_PYPL_neg_vgood16_mult_128	TFm_PYPL_neg_vgood16_mult_128_per	TFm_PYPL_neg_vgood16_mult_conv2	TFm_PYPL_neg_vgood16_mult_conv2_per	TFm_PYPL_neg_vgood16_mult_conv	TFm_PYPL_neg_vgood16_mult_conv_per	TFm_PYPL_neg_vgood16__simp_cordo	TFm_PYPL_neg_vgood16__simp_cordo_per	TFm_PYPL_neg_vgood16_mult_linear	TFm_PYPL_neg_vgood16_mult_linear_per	TFm_PYPL_neg_vgood16_mult_dense2	TFm_PYPL_neg_vgood16_mult_dense2_per	TFm_PYPL_neg_vgood16_mult_lstm	TFm_PYPL_neg_vgood16_mult_lstm_per	TFm_PYPL_neg_vgood16__mult_gru	TFm_PYPL_neg_vgood16__mult_gru_per	TFm_PYPL_neg_good9_mult_28	TFm_PYPL_neg_good9_mult_28_per	TFm_PYPL_neg_good9_mult_64	TFm_PYPL_neg_good9_mult_64_per	TFm_PYPL_neg_good9_mult_128	TFm_PYPL_neg_good9_mult_128_per	TFm_PYPL_neg_good9_mult_conv2	TFm_PYPL_neg_good9_mult_conv2_per	TFm_PYPL_neg_good9_mult_conv	TFm_PYPL_neg_good9_mult_conv_per	TFm_PYPL_neg_good9__simp_cordo	TFm_PYPL_neg_good9__simp_cordo_per	TFm_PYPL_neg_good9_mult_linear	TFm_PYPL_neg_good9_mult_linear_per	TFm_PYPL_neg_good9_mult_dense2	TFm_PYPL_neg_good9_mult_dense2_per	TFm_PYPL_neg_good9_mult_lstm	TFm_PYPL_neg_good9_mult_lstm_per	TFm_PYPL_neg_good9__mult_gru	TFm_PYPL_neg_good9__mult_gru_per	TFm_PYPL_neg_reg4_mult_28	TFm_PYPL_neg_reg4_mult_28_per	TFm_PYPL_neg_reg4_mult_64	TFm_PYPL_neg_reg4_mult_64_per	TFm_PYPL_neg_reg4_mult_128	TFm_PYPL_neg_reg4_mult_128_per	TFm_PYPL_neg_reg4_mult_conv2	TFm_PYPL_neg_reg4_mult_conv2_per	TFm_PYPL_neg_reg4_mult_conv	TFm_PYPL_neg_reg4_mult_conv_per	TFm_PYPL_neg_reg4__simp_cordo	TFm_PYPL_neg_reg4__simp_cordo_per	TFm_PYPL_neg_reg4_mult_linear	TFm_PYPL_neg_reg4_mult_linear_per	TFm_PYPL_neg_reg4_mult_dense2	TFm_PYPL_neg_reg4_mult_dense2_per	TFm_PYPL_neg_reg4_mult_lstm	TFm_PYPL_neg_reg4_mult_lstm_per	TFm_PYPL_neg_reg4__mult_gru	TFm_PYPL_neg_reg4__mult_gru_per	TFm_PYPL_neg_low1_mult_28	TFm_PYPL_neg_low1_mult_28_per	TFm_PYPL_neg_low1_mult_64	TFm_PYPL_neg_low1_mult_64_per	TFm_PYPL_neg_low1_mult_128	TFm_PYPL_neg_low1_mult_128_per	TFm_PYPL_neg_low1_mult_conv	TFm_PYPL_neg_low1_mult_conv_per	TFm_PYPL_neg_low1__simp_cordo	TFm_PYPL_neg_low1__simp_cordo_per	TFm_PYPL_neg_low1_mult_linear	TFm_PYPL_neg_low1_mult_linear_per	TFm_PYPL_neg_low1_mult_dense2	TFm_PYPL_neg_low1_mult_dense2_per	TFm_PYPL_neg_low1_mult_lstm	TFm_PYPL_neg_low1_mult_lstm_per	TFm_PYPL_neg_low1__mult_gru	TFm_PYPL_neg_low1__mult_gru_per	TFm_PYPL_pos_vgood16_mult_28	TFm_PYPL_pos_vgood16_mult_28_per	TFm_PYPL_pos_vgood16_mult_64	TFm_PYPL_pos_vgood16_mult_64_per	TFm_PYPL_pos_vgood16_mult_128	TFm_PYPL_pos_vgood16_mult_128_per	TFm_PYPL_pos_vgood16_mult_conv2	TFm_PYPL_pos_vgood16_mult_conv2_per	TFm_PYPL_pos_vgood16_mult_conv	TFm_PYPL_pos_vgood16_mult_conv_per	TFm_PYPL_pos_vgood16__simp_cordo	TFm_PYPL_pos_vgood16__simp_cordo_per	TFm_PYPL_pos_vgood16_mult_linear	TFm_PYPL_pos_vgood16_mult_linear_per	TFm_PYPL_pos_vgood16_mult_dense2	TFm_PYPL_pos_vgood16_mult_dense2_per	TFm_PYPL_pos_vgood16_mult_lstm	TFm_PYPL_pos_vgood16_mult_lstm_per	TFm_PYPL_pos_vgood16__mult_gru	TFm_PYPL_pos_vgood16__mult_gru_per	TFm_PYPL_pos_good9_mult_28	TFm_PYPL_pos_good9_mult_28_per	TFm_PYPL_pos_good9_mult_64	TFm_PYPL_pos_good9_mult_64_per	TFm_PYPL_pos_good9_mult_128	TFm_PYPL_pos_good9_mult_128_per	TFm_PYPL_pos_good9_mult_conv2	TFm_PYPL_pos_good9_mult_conv2_per	TFm_PYPL_pos_good9_mult_conv	TFm_PYPL_pos_good9_mult_conv_per	TFm_PYPL_pos_good9__simp_cordo	TFm_PYPL_pos_good9__simp_cordo_per	TFm_PYPL_pos_good9_mult_linear	TFm_PYPL_pos_good9_mult_linear_per	TFm_PYPL_pos_good9_mult_dense2	TFm_PYPL_pos_good9_mult_dense2_per	TFm_PYPL_pos_good9_mult_lstm	TFm_PYPL_pos_good9_mult_lstm_per	TFm_PYPL_pos_good9__mult_gru	TFm_PYPL_pos_good9__mult_gru_per	TFm_PYPL_pos_reg4_mult_28	TFm_PYPL_pos_reg4_mult_28_per	TFm_PYPL_pos_reg4_mult_64	TFm_PYPL_pos_reg4_mult_64_per	TFm_PYPL_pos_reg4_mult_128	TFm_PYPL_pos_reg4_mult_128_per	TFm_PYPL_pos_reg4_mult_conv	TFm_PYPL_pos_reg4_mult_conv_per	TFm_PYPL_pos_reg4__simp_cordo	TFm_PYPL_pos_reg4__simp_cordo_per	TFm_PYPL_pos_reg4_mult_linear	TFm_PYPL_pos_reg4_mult_linear_per	TFm_PYPL_pos_reg4_mult_dense2	TFm_PYPL_pos_reg4_mult_dense2_per	TFm_PYPL_pos_reg4_mult_lstm	TFm_PYPL_pos_reg4_mult_lstm_per	TFm_PYPL_pos_reg4__mult_gru	TFm_PYPL_pos_reg4__mult_gru_per	TFm_PYPL_pos_low1_mult_28	TFm_PYPL_pos_low1_mult_28_per	TFm_PYPL_pos_low1_mult_64	TFm_PYPL_pos_low1_mult_64_per	TFm_PYPL_pos_low1_mult_128	TFm_PYPL_pos_low1_mult_128_per	TFm_PYPL_pos_low1_mult_conv2	TFm_PYPL_pos_low1_mult_conv2_per	TFm_PYPL_pos_low1_mult_conv	TFm_PYPL_pos_low1_mult_conv_per	TFm_PYPL_pos_low1__simp_cordo	TFm_PYPL_pos_low1__simp_cordo_per	TFm_PYPL_pos_low1_mult_linear	TFm_PYPL_pos_low1_mult_linear_per	TFm_PYPL_pos_low1_mult_dense2	TFm_PYPL_pos_low1_mult_dense2_per	TFm_PYPL_pos_low1_mult_lstm	TFm_PYPL_pos_low1_mult_lstm_per	TFm_PYPL_pos_low1__mult_gru	TFm_PYPL_pos_low1__mult_gru_per
acc_per	73.28	-1.0	81.27	-1.0	82.51	-1.0	86.28	-1.0	76.66	-1.0	65.21	-1.0	63.46	-1.0	73.08	-1.0	81.14	-1.0	72.63	-1.0	79.32	-1.0	87.35	-1.0	92.3	-1.0	89.76	-1.0	94.91	-1.0	78.78	-1.0	78.05	-1.0	88.76	-1.0	95.11	-1.0	91.23	-1.0	84.82	-1.0	94.67	-1.0	96.56	-1.0	94.47	-1.0	96.69	-1.0	89.47	-1.0	73.21	-1.0	93.93	-1.0	97.37	-1.0	96.63	-1.0	87.53	-1.0	92.34	-1.0	95.46	-1.0	90.11	-1.0	98.31	-1.0	88.01	-1.0	75.0	-1.0	87.6	-1.0	97.15	-1.0	96.14	-1.0	72.28	-1.0	81.61	-1.0	86.59	-1.0	88.86	-1.0	81.99	-1.0	67.42	-1.0	66.06	-1.0	71.11	-1.0	76.49	-1.0	77.2	-1.0	79.62	-1.0	86.02	-1.0	92.74	-1.0	95.84	-1.0	92.35	-1.0	79.88	-1.0	77.18	-1.0	89.38	-1.0	93.6	-1.0	86.74	-1.0	87.2	-1.0	86.25	-1.0	92.34	-1.0	92.68	-1.0	78.25	-1.0	73.78	-1.0	89.91	-1.0	92.14	-1.0	93.9	-1.0	85.65	-1.0	89.96	-1.0	92.86	-1.0	98.52	-1.0	83.09	-1.0	78.17	-1.0	84.57	-1.0	94.14	-1.0	90.84	-1.0	78.92	-1.0	83.42	-1.0	86.83	-1.0	87.79	-1.0	85.09	-1.0	67.74	-1.0	67.93	-1.0	84.96	-1.0	91.2	-1.0	84.45	-1.0	81.5	-1.0	87.67	-1.0	92.84	-1.0	91.84	-1.0	89.12	-1.0	79.05	-1.0	75.73	-1.0	88.66	-1.0	91.45	-1.0	92.37	-1.0	85.75	-1.0	94.97	-1.0	95.36	-1.0	86.27	-1.0	93.33	-1.0	86.27	-1.0	83.01	-1.0	88.24	-1.0	97.58	-1.0	94.71	-1.0	92.0	-1.0	91.07	-1.0	95.67	-1.0	97.27	-1.0	90.4	-1.0	81.6	-1.0	92.6	-1.0	95.67	-1.0	93.4	-1.0	71.87	-1.0	80.63	-1.0	82.48	-1.0	89.19	-1.0	81.33	-1.0	71.61	-1.0	72.06	-1.0	82.16	-1.0	80.18	-1.0	80.24	-1.0	86.68	-1.0	90.96	-1.0	93.21	-1.0	92.68	-1.0	92.22	-1.0	75.86	-1.0	78.76	-1.0	88.46	-1.0	94.79	-1.0	94.2	-1.0	90.78	-1.0	91.3	-1.0	92.69	-1.0	95.52	-1.0	83.79	-1.0	82.87	-1.0	93.48	-1.0	90.51	-1.0	91.24	-1.0	92.12	-1.0	94.68	-1.0	97.24	-1.0	88.76	-1.0	99.47	-1.0	92.05	-1.0	85.09	-1.0	95.07	-1.0	97.11	-1.0	96.78	-1.0
loss	0.54	-1.0	0.45	-1.0	0.39	-1.0	0.35	-1.0	0.49	-1.0	0.62	-1.0	0.62	-1.0	0.51	-1.0	0.41	-1.0	0.53	-1.0	0.46	-1.0	0.33	-1.0	0.21	-1.0	0.25	-1.0	0.14	-1.0	0.48	-1.0	0.49	-1.0	0.27	-1.0	0.14	-1.0	0.23	-1.0	0.41	-1.0	0.15	-1.0	0.09	-1.0	0.16	-1.0	0.11	-1.0	0.27	-1.0	0.52	-1.0	0.19	-1.0	0.08	-1.0	0.09	-1.0	0.32	-1.0	0.22	-1.0	0.12	-1.0	0.73	-1.0	0.05	-1.0	0.3	-1.0	0.51	-1.0	0.29	-1.0	0.08	-1.0	0.1	-1.0	0.56	-1.0	0.44	-1.0	0.31	-1.0	0.28	-1.0	0.43	-1.0	0.61	-1.0	0.6	-1.0	0.53	-1.0	0.47	-1.0	0.47	-1.0	0.47	-1.0	0.37	-1.0	0.19	-1.0	0.11	-1.0	0.22	-1.0	0.41	-1.0	0.51	-1.0	0.26	-1.0	0.17	-1.0	0.33	-1.0	0.33	-1.0	0.31	-1.0	0.21	-1.0	0.22	-1.0	0.48	-1.0	0.53	-1.0	0.24	-1.0	0.21	-1.0	0.17	-1.0	0.38	-1.0	0.26	-1.0	0.18	-1.0	0.07	-1.0	0.42	-1.0	0.47	-1.0	0.35	-1.0	0.17	-1.0	0.23	-1.0	0.45	-1.0	0.36	-1.0	0.33	-1.0	0.3	-1.0	0.38	-1.0	0.6	-1.0	0.59	-1.0	0.34	-1.0	0.22	-1.0	0.34	-1.0	0.41	-1.0	0.29	-1.0	0.18	-1.0	0.21	-1.0	0.27	-1.0	0.46	-1.0	0.5	-1.0	0.26	-1.0	0.22	-1.0	0.18	-1.0	0.32	-1.0	0.15	-1.0	0.12	-1.0	0.54	-1.0	0.18	-1.0	0.33	-1.0	0.39	-1.0	0.28	-1.0	0.06	-1.0	0.14	-1.0	0.21	-1.0	0.22	-1.0	0.12	-1.0	0.11	-1.0	0.24	-1.0	0.41	-1.0	0.22	-1.0	0.17	-1.0	0.18	-1.0	0.54	-1.0	0.42	-1.0	0.41	-1.0	0.26	-1.0	0.43	-1.0	0.54	-1.0	0.51	-1.0	0.36	-1.0	0.41	-1.0	0.41	-1.0	0.38	-1.0	0.26	-1.0	0.19	-1.0	0.2	-1.0	0.22	-1.0	0.52	-1.0	0.46	-1.0	0.26	-1.0	0.16	-1.0	0.17	-1.0	0.26	-1.0	0.24	-1.0	0.2	-1.0	0.15	-1.0	0.42	-1.0	0.43	-1.0	0.18	-1.0	0.21	-1.0	0.21	-1.0	0.2	-1.0	0.15	-1.0	0.08	-1.0	0.29	-1.0	0.03	-1.0	0.19	-1.0	0.32	-1.0	0.16	-1.0	0.09	-1.0	0.1	-1.0
epochs	10.0	-1.0	19.0	-1.0	13.0	-1.0	10.0	-1.0	11.0	-1.0	11.0	-1.0	10.0	-1.0	19.0	-1.0	14.0	-1.0	8.0	-1.0	8.0	-1.0	8.0	-1.0	8.0	-1.0	9.0	-1.0	21.0	-1.0	9.0	-1.0	16.0	-1.0	10.0	-1.0	11.0	-1.0	9.0	-1.0	8.0	-1.0	10.0	-1.0	10.0	-1.0	14.0	-1.0	11.0	-1.0	17.0	-1.0	10.0	-1.0	9.0	-1.0	13.0	-1.0	10.0	-1.0	10.0	-1.0	9.0	-1.0	8.0	-1.0	18.0	-1.0	11.0	-1.0	13.0	-1.0	12.0	-1.0	8.0	-1.0	9.0	-1.0	12.0	-1.0	8.0	-1.0	15.0	-1.0	13.0	-1.0	12.0	-1.0	11.0	-1.0	8.0	-1.0	10.0	-1.0	11.0	-1.0	8.0	-1.0	9.0	-1.0	9.0	-1.0	8.0	-1.0	10.0	-1.0	18.0	-1.0	11.0	-1.0	21.0	-1.0	16.0	-1.0	11.0	-1.0	11.0	-1.0	8.0	-1.0	15.0	-1.0	9.0	-1.0	9.0	-1.0	9.0	-1.0	9.0	-1.0	12.0	-1.0	24.0	-1.0	12.0	-1.0	17.0	-1.0	8.0	-1.0	10.0	-1.0	8.0	-1.0	11.0	-1.0	14.0	-1.0	20.0	-1.0	13.0	-1.0	11.0	-1.0	9.0	-1.0	21.0	-1.0	17.0	-1.0	10.0	-1.0	11.0	-1.0	14.0	-1.0	15.0	-1.0	38.0	-1.0	19.0	-1.0	19.0	-1.0	12.0	-1.0	15.0	-1.0	13.0	-1.0	10.0	-1.0	13.0	-1.0	10.0	-1.0	18.0	-1.0	14.0	-1.0	9.0	-1.0	8.0	-1.0	15.0	-1.0	20.0	-1.0	18.0	-1.0	12.0	-1.0	13.0	-1.0	9.0	-1.0	14.0	-1.0	10.0	-1.0	9.0	-1.0	13.0	-1.0	10.0	-1.0	22.0	-1.0	8.0	-1.0	11.0	-1.0	9.0	-1.0	23.0	-1.0	12.0	-1.0	19.0	-1.0	9.0	-1.0	11.0	-1.0	8.0	-1.0	13.0	-1.0	8.0	-1.0	12.0	-1.0	9.0	-1.0	16.0	-1.0	29.0	-1.0	14.0	-1.0	11.0	-1.0	12.0	-1.0	9.0	-1.0	10.0	-1.0	10.0	-1.0	13.0	-1.0	9.0	-1.0	8.0	-1.0	14.0	-1.0	15.0	-1.0	13.0	-1.0	14.0	-1.0	13.0	-1.0	9.0	-1.0	9.0	-1.0	10.0	-1.0	17.0	-1.0	16.0	-1.0	30.0	-1.0	8.0	-1.0	10.0	-1.0	9.0	-1.0	8.0	-1.0	8.0	-1.0	10.0	-1.0	13.0	-1.0	15.0	-1.0	9.0	-1.0	20.0	-1.0	11.0	-1.0	14.0	-1.0
df_test_%	27.3	-1.0	24.4	-1.0	26.1	-1.0	17.9	-1.0	27.3	-1.0	15.9	-1.0	21.1	-1.0	29.6	-1.0	29.6	-1.0	30.3	-1.0	8.1	-1.0	0.0	-1.0	5.8	-1.0	4.1	-1.0	11.9	-1.0	8.2	-1.0	8.2	-1.0	2.4	-1.0	16.3	-1.0	4.1	-1.0	0.0	-1.0	2.4	-1.0	15.2	-1.0	16.1	-1.0	8.2	-1.0	10.2	-1.0	12.2	-1.0	7.8	-1.0	15.0	-1.0	16.4	-1.0	11.9	-1.0	16.0	-1.0	15.5	-1.0	30.8	-1.0	11.7	-1.0	20.5	-1.0	14.3	-1.0	11.7	-1.0	24.5	-1.0	8.1	-1.0	15.6	-1.0	14.5	-1.0	13.8	-1.0	12.7	-1.0	11.6	-1.0	12.7	-1.0	11.7	-1.0	11.7	-1.0	17.9	-1.0	14.7	-1.0	22.7	-1.0	23.2	-1.0	21.9	-1.0	32.9	-1.0	29.8	-1.0	20.2	-1.0	10.3	-1.0	21.0	-1.0	25.0	-1.0	19.2	-1.0	39.1	-1.0	15.1	-1.0	35.2	-1.0	31.7	-1.0	12.2	-1.0	27.1	-1.0	26.9	-1.0	8.2	-1.0	50.8	-1.0	22.6	-1.0	33.1	-1.0	28.1	-1.0	20.4	-1.0	26.2	-1.0	32.5	-1.0	25.4	-1.0	43.2	-1.0	37.3	-1.0	28.1	-1.0	34.2	-1.0	21.3	-1.0	32.3	-1.0	21.6	-1.0	31.1	-1.0	15.6	-1.0	23.4	-1.0	33.8	-1.0	35.1	-1.0	15.1	-1.0	16.1	-1.0	17.2	-1.0	20.3	-1.0	16.1	-1.0	13.7	-1.0	13.8	-1.0	24.1	-1.0	16.1	-1.0	29.2	-1.0	16.1	-1.0	21.6	-1.0	15.2	-1.0	16.2	-1.0	22.5	-1.0	17.2	-1.0	21.2	-1.0	12.0	-1.0	24.1	-1.0	20.1	-1.0	21.2	-1.0	20.1	-1.0	21.2	-1.0	11.0	-1.0	26.3	-1.0	15.8	-1.0	8.1	-1.0	16.2	-1.0	26.5	-1.0	25.0	-1.0	27.3	-1.0	27.3	-1.0	31.2	-1.0	27.8	-1.0	25.0	-1.0	26.4	-1.0	27.3	-1.0	27.8	-1.0	27.3	-1.0	28.2	-1.0	28.2	-1.0	25.5	-1.0	22.5	-1.0	24.1	-1.0	28.2	-1.0	22.7	-1.0	24.3	-1.0	29.2	-1.0	21.7	-1.0	21.2	-1.0	24.1	-1.0	21.8	-1.0	21.8	-1.0	20.1	-1.0	11.2	-1.0	20.3	-1.0	20.1	-1.0	24.0	-1.0	22.5	-1.0	21.8	-1.0	23.3	-1.0	20.6	-1.0	19.4	-1.0	25.0	-1.0	21.8	-1.0	17.3	-1.0	31.5	-1.0	33.7	-1.0
positives	20.0	-1.0	20.0	-1.0	20.0	-1.0	20.0	-1.0	20.0	-1.0	20.0	-1.0	20.0	-1.0	20.0	-1.0	20.0	-1.0	20.0	-1.0	9.0	-1.0	9.0	-1.0	9.0	-1.0	9.0	-1.0	9.0	-1.0	9.0	-1.0	9.0	-1.0	9.0	-1.0	9.0	-1.0	9.0	-1.0	8.0	-1.0	8.0	-1.0	8.0	-1.0	8.0	-1.0	8.0	-1.0	8.0	-1.0	8.0	-1.0	8.0	-1.0	8.0	-1.0	8.0	-1.0	20.0	-1.0	20.0	-1.0	20.0	-1.0	20.0	-1.0	20.0	-1.0	20.0	-1.0	20.0	-1.0	20.0	-1.0	20.0	-1.0	20.0	-1.0	12.0	-1.0	12.0	-1.0	12.0	-1.0	12.0	-1.0	12.0	-1.0	12.0	-1.0	12.0	-1.0	12.0	-1.0	12.0	-1.0	12.0	-1.0	18.0	-1.0	18.0	-1.0	18.0	-1.0	18.0	-1.0	18.0	-1.0	18.0	-1.0	18.0	-1.0	18.0	-1.0	18.0	-1.0	18.0	-1.0	18.0	-1.0	18.0	-1.0	18.0	-1.0	18.0	-1.0	18.0	-1.0	18.0	-1.0	18.0	-1.0	18.0	-1.0	18.0	-1.0	16.0	-1.0	16.0	-1.0	16.0	-1.0	16.0	-1.0	16.0	-1.0	16.0	-1.0	16.0	-1.0	16.0	-1.0	16.0	-1.0	17.0	-1.0	17.0	-1.0	17.0	-1.0	17.0	-1.0	17.0	-1.0	17.0	-1.0	17.0	-1.0	17.0	-1.0	17.0	-1.0	17.0	-1.0	12.0	-1.0	12.0	-1.0	12.0	-1.0	12.0	-1.0	12.0	-1.0	12.0	-1.0	12.0	-1.0	12.0	-1.0	12.0	-1.0	12.0	-1.0	11.0	-1.0	11.0	-1.0	11.0	-1.0	11.0	-1.0	11.0	-1.0	11.0	-1.0	11.0	-1.0	11.0	-1.0	11.0	-1.0	11.0	-1.0	10.0	-1.0	10.0	-1.0	10.0	-1.0	10.0	-1.0	10.0	-1.0	10.0	-1.0	10.0	-1.0	10.0	-1.0	10.0	-1.0	13.0	-1.0	13.0	-1.0	13.0	-1.0	13.0	-1.0	13.0	-1.0	13.0	-1.0	13.0	-1.0	13.0	-1.0	13.0	-1.0	13.0	-1.0	13.0	-1.0	13.0	-1.0	13.0	-1.0	13.0	-1.0	13.0	-1.0	13.0	-1.0	13.0	-1.0	13.0	-1.0	13.0	-1.0	13.0	-1.0	10.0	-1.0	10.0	-1.0	10.0	-1.0	10.0	-1.0	10.0	-1.0	10.0	-1.0	10.0	-1.0	10.0	-1.0	10.0	-1.0	12.0	-1.0	12.0	-1.0	12.0	-1.0	12.0	-1.0	12.0	-1.0	12.0	-1.0	12.0	-1.0	12.0	-1.0	12.0	-1.0	12.0	-1.0
count	275.0	-1.0	275.0	-1.0	275.0	-1.0	275.0	-1.0	275.0	-1.0	275.0	-1.0	275.0	-1.0	275.0	-1.0	275.0	-1.0	275.0	-1.0	261.0	-1.0	261.0	-1.0	261.0	-1.0	261.0	-1.0	261.0	-1.0	261.0	-1.0	261.0	-1.0	261.0	-1.0	261.0	-1.0	261.0	-1.0	261.0	-1.0	261.0	-1.0	261.0	-1.0	261.0	-1.0	261.0	-1.0	261.0	-1.0	261.0	-1.0	261.0	-1.0	261.0	-1.0	261.0	-1.0	261.0	-1.0	261.0	-1.0	261.0	-1.0	261.0	-1.0	261.0	-1.0	261.0	-1.0	261.0	-1.0	261.0	-1.0	261.0	-1.0	261.0	-1.0	275.0	-1.0	275.0	-1.0	275.0	-1.0	275.0	-1.0	275.0	-1.0	275.0	-1.0	275.0	-1.0	275.0	-1.0	275.0	-1.0	275.0	-1.0	271.0	-1.0	271.0	-1.0	271.0	-1.0	271.0	-1.0	271.0	-1.0	271.0	-1.0	271.0	-1.0	271.0	-1.0	271.0	-1.0	271.0	-1.0	261.0	-1.0	261.0	-1.0	261.0	-1.0	261.0	-1.0	261.0	-1.0	261.0	-1.0	261.0	-1.0	261.0	-1.0	261.0	-1.0	261.0	-1.0	261.0	-1.0	261.0	-1.0	261.0	-1.0	261.0	-1.0	261.0	-1.0	261.0	-1.0	261.0	-1.0	261.0	-1.0	274.0	-1.0	274.0	-1.0	274.0	-1.0	274.0	-1.0	274.0	-1.0	274.0	-1.0	274.0	-1.0	274.0	-1.0	274.0	-1.0	274.0	-1.0	266.0	-1.0	266.0	-1.0	266.0	-1.0	266.0	-1.0	266.0	-1.0	266.0	-1.0	266.0	-1.0	266.0	-1.0	266.0	-1.0	266.0	-1.0	266.0	-1.0	266.0	-1.0	266.0	-1.0	266.0	-1.0	266.0	-1.0	266.0	-1.0	266.0	-1.0	266.0	-1.0	266.0	-1.0	266.0	-1.0	266.0	-1.0	266.0	-1.0	266.0	-1.0	266.0	-1.0	266.0	-1.0	266.0	-1.0	266.0	-1.0	266.0	-1.0	266.0	-1.0	275.0	-1.0	275.0	-1.0	275.0	-1.0	275.0	-1.0	275.0	-1.0	275.0	-1.0	275.0	-1.0	275.0	-1.0	275.0	-1.0	275.0	-1.0	266.0	-1.0	266.0	-1.0	266.0	-1.0	266.0	-1.0	266.0	-1.0	266.0	-1.0	266.0	-1.0	266.0	-1.0	266.0	-1.0	266.0	-1.0	266.0	-1.0	266.0	-1.0	266.0	-1.0	266.0	-1.0	266.0	-1.0	266.0	-1.0	266.0	-1.0	266.0	-1.0	266.0	-1.0	266.0	-1.0	266.0	-1.0	266.0	-1.0	266.0	-1.0	266.0	-1.0	266.0	-1.0	266.0	-1.0	266.0	-1.0	266.0	-1.0	266.0	-1.0
mean	0.5294	-1.0	0.4542	-1.0	0.5126	-1.0	0.6032	-1.0	0.529	-1.0	0.5609	-1.0	0.508	-1.0	0.5053	-1.0	0.4974	-1.0	0.6847	-1.0	0.5342	-1.0	0.4436	-1.0	0.4436	-1.0	0.3596	-1.0	0.3396	-1.0	0.5022	-1.0	0.4446	-1.0	0.3669	-1.0	0.2349	-1.0	0.4123	-1.0	0.4932	-1.0	0.3226	-1.0	0.4756	-1.0	0.6991	-1.0	0.3803	-1.0	0.4137	-1.0	0.6692	-1.0	0.6083	-1.0	0.4162	-1.0	0.5913	-1.0	0.4213	-1.0	0.5057	-1.0	0.5756	-1.0	0.4583	-1.0	0.6441	-1.0	0.5569	-1.0	0.5342	-1.0	0.5756	-1.0	0.4336	-1.0	0.5708	-1.0	0.5079	-1.0	0.4742	-1.0	0.4515	-1.0	0.4329	-1.0	0.5096	-1.0	0.5126	-1.0	0.5319	-1.0	0.4919	-1.0	0.5926	-1.0	0.4817	-1.0	0.4898	-1.0	0.4348	-1.0	0.2663	-1.0	0.4483	-1.0	0.4346	-1.0	0.4563	-1.0	0.6041	-1.0	0.3949	-1.0	0.4433	-1.0	0.5033	-1.0	0.5761	-1.0	0.6581	-1.0	0.5361	-1.0	0.5648	-1.0	0.5313	-1.0	0.7445	-1.0	0.6114	-1.0	0.6226	-1.0	0.2612	-1.0	0.4352	-1.0	0.3767	-1.0	0.5351	-1.0	0.5216	-1.0	0.6156	-1.0	0.7521	-1.0	0.9261	-1.0	0.3954	-1.0	0.4117	-1.0	0.4483	-1.0	0.4971	-1.0	0.6051	-1.0	0.5061	-1.0	0.4189	-1.0	0.5116	-1.0	0.5075	-1.0	0.4718	-1.0	0.4165	-1.0	0.5696	-1.0	0.429	-1.0	0.4848	-1.0	0.484	-1.0	0.5372	-1.0	0.6433	-1.0	0.4415	-1.0	0.6527	-1.0	0.5778	-1.0	0.5048	-1.0	0.4287	-1.0	0.3774	-1.0	0.4505	-1.0	0.3826	-1.0	0.6146	-1.0	0.5443	-1.0	0.3743	-1.0	0.6131	-1.0	0.7107	-1.0	0.701	-1.0	0.5096	-1.0	0.5209	-1.0	0.5735	-1.0	0.7082	-1.0	0.7768	-1.0	0.5018	-1.0	0.862	-1.0	0.7151	-1.0	0.8654	-1.0	0.38	-1.0	0.5262	-1.0	0.3925	-1.0	0.4238	-1.0	0.354	-1.0	0.4376	-1.0	0.4328	-1.0	0.4404	-1.0	0.3671	-1.0	0.4945	-1.0	0.421	-1.0	0.457	-1.0	0.3942	-1.0	0.2972	-1.0	0.3281	-1.0	0.5373	-1.0	0.4275	-1.0	0.5899	-1.0	0.4155	-1.0	0.2279	-1.0	0.554	-1.0	0.4162	-1.0	0.3533	-1.0	0.3785	-1.0	0.3507	-1.0	0.3654	-1.0	0.7964	-1.0	0.6095	-1.0	0.4687	-1.0	0.4245	-1.0	0.3425	-1.0	0.374	-1.0	0.3653	-1.0	0.4441	-1.0	0.3226	-1.0	0.2777	-1.0	0.4115	-1.0	0.7791	-1.0	0.426	-1.0	0.4057	-1.0
std	0.1466	-1.0	0.2545	-1.0	0.2375	-1.0	0.2029	-1.0	0.2108	-1.0	0.143	-1.0	0.1551	-1.0	0.1913	-1.0	0.2128	-1.0	0.1084	-1.0	0.0898	-1.0	0.127	-1.0	0.1895	-1.0	0.2075	-1.0	0.3075	-1.0	0.0963	-1.0	0.2774	-1.0	0.322	-1.0	0.3232	-1.0	0.2273	-1.0	0.1021	-1.0	0.2035	-1.0	0.2524	-1.0	0.3075	-1.0	0.2482	-1.0	0.3647	-1.0	0.1811	-1.0	0.2007	-1.0	0.3955	-1.0	0.3539	-1.0	0.1684	-1.0	0.1553	-1.0	0.097	-1.0	0.3671	-1.0	0.2385	-1.0	0.2993	-1.0	0.2345	-1.0	0.1	-1.0	0.2561	-1.0	0.3647	-1.0	0.0708	-1.0	0.192	-1.0	0.2419	-1.0	0.2501	-1.0	0.1552	-1.0	0.0216	-1.0	0.1142	-1.0	0.1566	-1.0	0.1039	-1.0	0.187	-1.0	0.1446	-1.0	0.1785	-1.0	0.2576	-1.0	0.3691	-1.0	0.2417	-1.0	0.3115	-1.0	0.2229	-1.0	0.223	-1.0	0.2835	-1.0	0.2781	-1.0	0.2017	-1.0	0.1324	-1.0	0.1603	-1.0	0.1533	-1.0	0.1278	-1.0	0.1136	-1.0	0.3931	-1.0	0.2983	-1.0	0.3435	-1.0	0.1772	-1.0	0.2399	-1.0	0.2387	-1.0	0.2449	-1.0	0.1942	-1.0	0.1542	-1.0	0.1325	-1.0	0.3213	-1.0	0.256	-1.0	0.1857	-1.0	0.2165	-1.0	0.1625	-1.0	0.206	-1.0	0.1916	-1.0	0.1199	-1.0	0.1655	-1.0	0.2973	-1.0	0.3225	-1.0	0.2	-1.0	0.2082	-1.0	0.2281	-1.0	0.2329	-1.0	0.2624	-1.0	0.1497	-1.0	0.2796	-1.0	0.2221	-1.0	0.1623	-1.0	0.151	-1.0	0.3726	-1.0	0.2775	-1.0	0.3111	-1.0	0.2589	-1.0	0.2912	-1.0	0.1591	-1.0	0.2844	-1.0	0.2177	-1.0	0.2194	-1.0	0.3176	-1.0	0.2929	-1.0	0.2545	-1.0	0.0751	-1.0	0.2277	-1.0	0.0936	-1.0	0.3373	-1.0	0.0911	-1.0	0.3393	-1.0	0.1281	-1.0	0.2889	-1.0	0.1256	-1.0	0.2225	-1.0	0.2099	-1.0	0.2517	-1.0	0.1984	-1.0	0.1826	-1.0	0.2451	-1.0	0.2294	-1.0	0.2764	-1.0	0.2562	-1.0	0.148	-1.0	0.2205	-1.0	0.2606	-1.0	0.2842	-1.0	0.1046	-1.0	0.1281	-1.0	0.1749	-1.0	0.2744	-1.0	0.2681	-1.0	0.3358	-1.0	0.1708	-1.0	0.1669	-1.0	0.1776	-1.0	0.1874	-1.0	0.2472	-1.0	0.1613	-1.0	0.3876	-1.0	0.1118	-1.0	0.1549	-1.0	0.2105	-1.0	0.2202	-1.0	0.2119	-1.0	0.2378	-1.0	0.2542	-1.0	0.3232	-1.0	0.1923	-1.0	0.3132	-1.0	0.3595	-1.0	0.3699	-1.0
min	0.2407	-1.0	0.0164	-1.0	0.0712	-1.0	0.1505	-1.0	0.1473	-1.0	0.2443	-1.0	0.2287	-1.0	0.0235	-1.0	0.0556	-1.0	0.443	-1.0	0.2759	-1.0	0.2175	-1.0	0.1028	-1.0	0.0737	-1.0	0.0006	-1.0	0.3444	-1.0	0.0001	-1.0	0.0017	-1.0	0.0	-1.0	0.0458	-1.0	0.2671	-1.0	0.0317	-1.0	0.0046	-1.0	0.0091	-1.0	0.0075	-1.0	0.017	-1.0	0.1061	-1.0	0.0684	-1.0	0.0	-1.0	0.0148	-1.0	0.1238	-1.0	0.153	-1.0	0.3247	-1.0	0.0004	-1.0	0.057	-1.0	0.0148	-1.0	0.0086	-1.0	0.2132	-1.0	0.0637	-1.0	0.0097	-1.0	0.3862	-1.0	0.1699	-1.0	0.0067	-1.0	0.0635	-1.0	0.2587	-1.0	0.4877	-1.0	0.3839	-1.0	0.1608	-1.0	0.4366	-1.0	0.1989	-1.0	0.2578	-1.0	0.172	-1.0	0.0047	-1.0	0.0	-1.0	0.0359	-1.0	0.0085	-1.0	0.0767	-1.0	0.0002	-1.0	0.0053	-1.0	0.0624	-1.0	0.1113	-1.0	0.3746	-1.0	0.2077	-1.0	0.2649	-1.0	0.2523	-1.0	0.2147	-1.0	0.0	-1.0	0.0	-1.0	0.0031	-1.0	0.1616	-1.0	0.0102	-1.0	0.0916	-1.0	0.018	-1.0	0.1296	-1.0	0.1794	-1.0	0.134	-1.0	0.0017	-1.0	0.1264	-1.0	0.1117	-1.0	0.0195	-1.0	0.2338	-1.0	0.0088	-1.0	0.059	-1.0	0.3826	-1.0	0.1269	-1.0	0.0004	-1.0	0.0	-1.0	0.0441	-1.0	0.0572	-1.0	0.0536	-1.0	0.0869	-1.0	0.0476	-1.0	0.3052	-1.0	0.1658	-1.0	0.0013	-1.0	0.0279	-1.0	0.2585	-1.0	0.0032	-1.0	0.0273	-1.0	0.0019	-1.0	0.0129	-1.0	0.0464	-1.0	0.2165	-1.0	0.0899	-1.0	0.0262	-1.0	0.1229	-1.0	0.0028	-1.0	0.0688	-1.0	0.0295	-1.0	0.4293	-1.0	0.0354	-1.0	0.4398	-1.0	0.0243	-1.0	0.3763	-1.0	0.0006	-1.0	0.3752	-1.0	0.0115	-1.0	0.3485	-1.0	0.0997	-1.0	0.1828	-1.0	0.0393	-1.0	0.2257	-1.0	0.2137	-1.0	0.0337	-1.0	0.0003	-1.0	0.0455	-1.0	0.0671	-1.0	0.2798	-1.0	0.088	-1.0	0.0187	-1.0	0.0111	-1.0	0.3222	-1.0	0.3533	-1.0	0.0152	-1.0	0.0	-1.0	0.0	-1.0	0.0072	-1.0	0.0547	-1.0	0.1168	-1.0	0.1237	-1.0	0.1518	-1.0	0.2386	-1.0	0.2	-1.0	0.0	-1.0	0.3719	-1.0	0.1239	-1.0	0.0823	-1.0	0.1323	-1.0	0.1274	-1.0	0.14	-1.0	0.0101	-1.0	0.0038	-1.0	0.1492	-1.0	0.0	-1.0	0.0006	-1.0	0.0049	-1.0
25%	0.4197	8.74	0.2167	8.74	0.2893	7.28	0.4345	8.25	0.3175	7.77	0.4587	7.77	0.3848	7.77	0.3647	7.77	0.3122	8.25	0.6146	8.25	0.4801	4.1	0.3198	4.59	0.273	4.62	0.1521	4.62	0.0775	4.62	0.4025	4.08	0.1859	4.59	0.0671	4.62	0.0035	4.59	0.2123	4.59	0.4201	3.08	0.1563	3.06	0.2586	4.08	0.4465	3.59	0.1666	4.1	0.0333	3.59	0.56	3.59	0.4449	3.57	0.0242	4.08	0.2108	3.59	0.2869	9.69	0.3903	8.67	0.5089	9.69	0.0748	10.2	0.4605	9.74	0.2818	8.67	0.3794	8.67	0.515	8.67	0.2111	10.26	0.2031	10.26	0.467	5.83	0.3177	5.34	0.2542	4.37	0.22	5.34	0.3818	3.88	0.4985	5.83	0.4529	4.37	0.4137	2.91	0.5225	5.83	0.3273	5.34	0.3794	8.37	0.2965	7.88	0.0507	8.37	0.0583	8.37	0.2215	7.88	0.085	8.37	0.452	7.88	0.2325	7.88	0.1725	8.87	0.2197	7.88	0.4304	9.18	0.5496	9.18	0.416	9.18	0.4641	9.18	0.434	9.23	0.7022	8.16	0.1701	8.21	0.3965	7.18	0.0144	8.67	0.2946	7.65	0.1597	7.69	0.3149	7.69	0.3342	7.18	0.5411	7.65	0.6846	7.69	0.9245	6.15	0.1056	8.21	0.203	8.21	0.321	7.32	0.3543	7.8	0.4776	6.83	0.3717	7.8	0.2775	6.83	0.4372	6.34	0.4043	6.34	0.2077	6.83	0.0348	8.29	0.4415	7.8	0.2534	6.03	0.287	6.03	0.305	6.03	0.322	6.03	0.5301	6.03	0.1964	6.03	0.4418	6.03	0.4618	6.03	0.3781	6.0	0.0471	6.06	0.1265	5.53	0.1593	5.03	0.1827	5.53	0.3375	5.53	0.4272	5.53	0.1315	5.53	0.4434	5.53	0.5854	5.53	0.5232	5.53	0.2332	5.53	0.3026	5.03	0.522	4.52	0.5708	4.02	0.7412	3.52	0.1474	5.03	0.8259	5.03	0.5183	4.02	0.8263	4.02	0.1265	4.52	0.424	5.83	0.2102	6.31	0.2693	6.31	0.1639	5.34	0.2942	6.31	0.3015	6.31	0.2334	6.31	0.1811	5.83	0.2647	6.31	0.1908	6.31	0.3561	6.03	0.2098	6.53	0.1224	6.03	0.0875	6.53	0.4725	6.03	0.3552	5.47	0.4709	6.53	0.1778	6.53	0.0445	6.03	0.2838	6.03	0.3086	4.02	0.2394	5.03	0.2574	4.52	0.2299	5.03	0.2394	4.81	0.7566	4.02	0.1994	4.02	0.4013	5.03	0.3756	4.02	0.1792	5.5	0.1998	5.53	0.2076	6.0	0.2393	5.53	0.1339	5.53	0.0115	6.03	0.2724	5.53	0.7212	6.03	0.0463	6.03	0.0639	6.03
50%	0.519	10.14	0.4891	9.42	0.5748	9.42	0.6344	8.76	0.595	9.42	0.5712	9.42	0.4919	10.14	0.566	8.7	0.6218	10.22	0.6881	10.87	0.5442	5.38	0.4366	5.34	0.439	3.85	0.3371	4.58	0.2474	6.15	0.5176	5.34	0.4092	3.82	0.204	4.62	0.0537	4.62	0.4133	5.34	0.4876	2.31	0.2786	4.62	0.4874	5.38	0.8299	5.34	0.3359	4.62	0.3281	4.62	0.7007	3.85	0.6364	3.82	0.2897	5.34	0.6799	5.38	0.4067	12.21	0.5212	10.77	0.5871	10.77	0.4303	13.74	0.6783	7.63	0.7246	9.23	0.5637	12.31	0.6008	12.31	0.3496	12.98	0.6265	12.21	0.4888	7.25	0.4409	5.07	0.3955	5.11	0.4097	8.03	0.4922	3.65	0.5067	6.52	0.5004	5.8	0.4509	4.35	0.5686	7.97	0.4539	5.11	0.4564	11.11	0.3917	11.03	0.1697	11.85	0.4186	11.85	0.4105	11.85	0.5763	11.85	0.6179	11.11	0.4259	11.03	0.4486	11.85	0.5223	11.85	0.5832	12.98	0.6275	13.74	0.522	13.08	0.539	13.08	0.5942	12.98	0.7652	8.4	0.8378	9.92	0.6871	8.4	0.0474	12.98	0.392	10.77	0.3491	11.54	0.5486	11.45	0.5426	6.87	0.7301	11.45	0.7837	10.77	0.9751	7.63	0.3202	11.45	0.2718	11.54	0.393	10.22	0.4933	9.49	0.6097	9.49	0.5039	11.68	0.3778	10.22	0.4729	7.3	0.518	7.3	0.5357	8.03	0.502	11.68	0.5903	10.22	0.3901	7.52	0.463	7.52	0.45	6.02	0.5283	7.52	0.6381	8.27	0.2898	7.52	0.6772	8.27	0.5806	9.02	0.4828	9.02	0.3573	9.02	0.2853	7.52	0.4117	7.52	0.3032	6.77	0.655	8.27	0.508	7.52	0.2149	8.27	0.6258	8.27	0.7551	7.52	0.8542	7.52	0.4889	7.52	0.5087	7.52	0.5661	5.26	0.7577	5.97	0.7972	3.76	0.5253	6.77	0.8789	6.02	0.8944	3.01	0.9086	6.02	0.3089	6.02	0.4819	8.76	0.3617	9.49	0.3168	8.7	0.2777	8.03	0.3501	8.76	0.3418	8.76	0.4224	9.42	0.3731	8.7	0.5007	9.42	0.3765	9.42	0.3992	8.27	0.3441	7.52	0.1998	8.27	0.2178	9.02	0.5211	8.27	0.3577	8.27	0.589	8.27	0.4213	9.77	0.1115	8.27	0.6215	7.52	0.3816	6.02	0.2948	6.77	0.3343	6.77	0.2756	6.02	0.2404	6.02	0.8385	6.02	0.7951	4.51	0.4154	7.52	0.4327	5.97	0.2557	8.27	0.2572	8.27	0.2742	8.27	0.3601	7.52	0.2428	7.52	0.0697	8.27	0.3305	7.52	0.9433	9.02	0.3774	9.02	0.2292	8.27
60%	0.5511	10.91	0.5866	11.82	0.6452	11.82	0.7195	9.09	0.635	11.82	0.6149	11.82	0.5288	11.82	0.5871	9.09	0.6344	11.82	0.7109	11.82	0.5616	5.77	0.5031	3.81	0.5132	2.88	0.4018	3.85	0.333	6.67	0.5444	3.85	0.5773	2.86	0.5407	3.81	0.0905	5.71	0.4809	5.71	0.524	2.86	0.3381	5.71	0.5443	6.67	0.8932	6.67	0.4059	4.76	0.6648	5.71	0.7549	2.88	0.6906	3.85	0.602	6.73	0.8438	6.73	0.4507	12.5	0.5517	10.48	0.6094	12.5	0.624	16.35	0.7607	5.77	0.7747	10.58	0.6548	9.62	0.6217	12.62	0.4605	12.5	0.8039	12.5	0.5028	7.27	0.5016	5.45	0.4762	5.45	0.462	7.27	0.5255	4.55	0.5101	8.26	0.5256	7.27	0.472	4.55	0.59	8.18	0.5026	6.36	0.5017	12.96	0.455	13.89	0.2543	14.81	0.593	14.81	0.4874	13.76	0.6981	14.81	0.6835	13.89	0.4865	11.93	0.5821	14.81	0.6061	13.76	0.6535	16.19	0.6885	17.14	0.551	15.38	0.5738	16.35	0.6212	15.38	0.7866	9.52	0.9001	11.54	0.7756	6.73	0.105	16.19	0.4494	13.46	0.4337	14.29	0.6109	13.46	0.6045	8.65	0.7417	14.29	0.8224	13.33	0.9812	8.65	0.4056	14.56	0.3628	13.33	0.4372	12.73	0.5505	11.82	0.6656	10.91	0.5455	14.55	0.4282	11.82	0.4909	9.09	0.5431	7.27	0.6155	8.18	0.6045	14.68	0.6433	11.82	0.4572	7.48	0.5418	9.43	0.5207	7.48	0.6501	8.41	0.6962	9.35	0.4364	7.55	0.7397	9.35	0.6196	7.48	0.5291	7.55	0.5965	9.43	0.4199	9.35	0.5662	8.41	0.3617	8.41	0.7764	9.43	0.5702	8.41	0.3595	10.28	0.6879	9.43	0.8046	8.49	0.8985	8.33	0.5922	9.43	0.5902	7.48	0.5818	6.54	0.8244	6.6	0.8089	4.67	0.7051	6.6	0.897	7.55	0.9372	1.89	0.933	7.55	0.4137	7.48	0.5285	10.91	0.4133	11.82	0.3932	10.91	0.3448	10.0	0.3949	10.91	0.3962	10.91	0.4832	10.91	0.4429	10.81	0.5747	11.82	0.4668	11.82	0.4408	8.41	0.4218	9.35	0.2612	10.38	0.3206	11.21	0.5416	9.43	0.3652	9.35	0.6244	8.49	0.5199	10.28	0.1591	10.38	0.7226	8.41	0.4121	7.55	0.3247	8.49	0.3716	8.49	0.3067	7.55	0.2413	7.48	0.8672	7.55	0.8988	5.61	0.4264	8.49	0.4387	7.48	0.3212	10.28	0.3624	8.49	0.3465	9.43	0.4575	9.35	0.298	9.35	0.221	8.41	0.3895	9.43	0.962	10.38	0.5493	11.32	0.4602	10.28
70%	0.5881	14.46	0.6407	13.25	0.6859	13.25	0.7656	7.23	0.6655	13.25	0.6689	13.41	0.5637	14.46	0.6056	9.64	0.6374	13.25	0.7519	15.66	0.5791	6.33	0.5382	3.85	0.5671	3.75	0.52	2.53	0.4705	7.59	0.5658	2.53	0.6542	3.8	0.6948	3.8	0.2513	6.33	0.5647	5.13	0.5555	1.27	0.4028	2.53	0.6283	8.97	0.9451	7.69	0.5441	6.33	0.8116	7.69	0.7943	3.85	0.7329	3.8	0.7807	8.97	0.9015	7.59	0.5216	13.92	0.6016	10.26	0.6328	11.54	0.7834	18.99	0.8235	7.59	0.7881	12.82	0.7071	11.54	0.6403	11.39	0.5501	16.46	0.9147	7.59	0.5166	7.23	0.5487	7.23	0.5588	6.02	0.554	7.23	0.5656	4.82	0.5149	8.43	0.5524	9.64	0.4909	6.02	0.6117	7.32	0.551	7.23	0.5412	15.85	0.5097	15.85	0.3398	19.51	0.7672	19.51	0.578	17.07	0.7419	16.05	0.7541	15.85	0.5415	14.81	0.7099	14.81	0.7453	16.05	0.7144	20.25	0.7391	23.08	0.6032	20.25	0.62	20.25	0.635	17.72	0.8055	11.54	0.9323	15.38	0.857	7.59	0.3362	21.79	0.5273	15.19	0.5103	17.72	0.6825	17.72	0.6707	10.13	0.7464	13.92	0.8521	16.67	0.987	11.54	0.5228	16.46	0.5647	16.46	0.5226	14.63	0.5943	14.63	0.7033	14.63	0.5986	18.29	0.4908	14.63	0.5155	10.98	0.5719	9.76	0.6666	10.98	0.6449	19.51	0.6859	14.63	0.5465	8.75	0.6438	10.0	0.6134	10.0	0.7511	10.0	0.7359	10.0	0.607	8.75	0.8151	8.75	0.6832	7.5	0.5755	8.75	0.7449	10.0	0.5595	11.25	0.692	11.25	0.4662	10.0	0.8739	10.0	0.6216	11.25	0.5191	12.5	0.7689	11.25	0.8691	10.0	0.9268	11.25	0.7317	11.25	0.6976	8.75	0.6008	8.75	0.8794	8.75	0.826	6.25	0.8053	8.75	0.909	8.86	0.9656	2.5	0.9475	8.75	0.5265	8.75	0.5794	9.64	0.4953	14.46	0.5126	13.25	0.4299	13.25	0.5057	13.25	0.4828	12.05	0.5571	9.64	0.4928	13.25	0.659	15.66	0.5857	15.66	0.4737	8.75	0.5344	11.25	0.3462	13.75	0.4552	12.5	0.5572	11.25	0.4093	8.75	0.6643	10.0	0.5999	10.0	0.2126	13.75	0.8381	10.0	0.4599	10.0	0.4045	8.75	0.4375	10.0	0.3852	10.0	0.2543	8.75	0.8876	10.0	0.939	7.5	0.4807	10.0	0.4458	8.86	0.428	8.75	0.4919	11.25	0.4278	12.5	0.6011	10.0	0.3772	12.5	0.5015	11.25	0.5084	10.0	0.9776	12.5	0.7226	13.75	0.7223	12.5
75%	0.6326	15.94	0.6611	13.04	0.7083	14.49	0.7814	7.25	0.6796	14.71	0.6806	14.49	0.5919	15.94	0.6155	11.59	0.6397	16.18	0.7634	15.94	0.5944	6.15	0.5496	3.08	0.5871	4.62	0.5575	1.52	0.5793	9.09	0.5723	3.08	0.6894	3.08	0.7311	3.08	0.4009	7.58	0.5956	3.08	0.5683	0.0	0.4443	3.03	0.6833	10.77	0.965	9.09	0.5724	7.58	0.8357	9.23	0.8177	4.55	0.7609	4.55	0.8615	10.61	0.9437	9.23	0.5546	15.38	0.6197	10.77	0.643	12.12	0.8387	21.54	0.8576	9.23	0.7918	15.38	0.7296	12.12	0.65	10.61	0.6708	18.46	0.9365	7.58	0.5269	7.25	0.594	8.7	0.627	7.35	0.5946	8.7	0.5933	5.8	0.5173	10.14	0.5693	10.0	0.506	4.35	0.6297	7.25	0.5798	7.25	0.5753	17.65	0.5548	17.65	0.4367	22.06	0.8348	20.59	0.6213	20.59	0.7522	14.71	0.7798	14.71	0.583	16.18	0.7291	16.18	0.7745	17.65	0.7438	21.21	0.7664	24.62	0.6471	24.62	0.6564	22.73	0.6406	19.7	0.8171	12.12	0.9506	18.18	0.8904	7.69	0.5335	26.15	0.5632	16.92	0.5609	20.0	0.7216	20.0	0.7146	10.61	0.7476	16.92	0.8674	18.46	0.989	13.85	0.6115	19.7	0.6922	20.0	0.5612	17.39	0.6197	17.14	0.7264	17.39	0.6301	18.84	0.5391	14.49	0.5299	13.04	0.5871	11.59	0.6975	13.04	0.6595	21.74	0.7069	15.94	0.5751	10.45	0.6884	10.45	0.6564	10.45	0.789	10.45	0.753	7.46	0.6831	8.96	0.8593	8.96	0.7024	9.09	0.5975	8.96	0.8177	11.94	0.6426	13.43	0.7302	11.94	0.5537	11.94	0.8959	10.45	0.6436	13.43	0.6135	13.43	0.812	13.43	0.8976	8.96	0.9353	11.94	0.8052	11.94	0.7469	10.45	0.6111	10.45	0.8986	10.45	0.8379	5.97	0.8609	10.45	0.9243	10.45	0.9782	2.99	0.9575	10.45	0.6078	10.45	0.5979	11.59	0.5201	17.14	0.5576	11.59	0.4883	15.94	0.5256	14.49	0.5114	11.59	0.6066	11.59	0.5097	11.59	0.7439	17.39	0.622	17.39	0.5122	10.45	0.5447	13.43	0.3673	14.93	0.5113	13.43	0.5662	13.43	0.4209	10.45	0.6922	10.45	0.6252	11.94	0.2838	16.42	0.865	11.94	0.4769	11.94	0.4372	10.45	0.4618	10.45	0.4264	11.94	0.2893	10.45	0.9083	11.94	0.9621	8.96	0.528	10.45	0.4495	10.45	0.4797	10.45	0.5487	10.45	0.4924	11.94	0.6525	11.94	0.4275	14.93	0.5717	13.43	0.5615	11.94	0.9827	13.43	0.8029	14.93	0.8131	14.93
80%	0.6623	18.18	0.6829	16.36	0.7197	16.07	0.8018	9.26	0.6968	14.55	0.6956	18.18	0.6397	18.18	0.6298	14.29	0.6461	18.18	0.7957	18.18	0.6092	5.66	0.5657	3.85	0.628	5.77	0.5896	1.89	0.6872	9.62	0.5883	3.77	0.7276	3.85	0.7504	3.77	0.6227	9.43	0.6389	1.92	0.5856	0.0	0.5199	1.92	0.734	11.32	0.9789	11.54	0.6102	9.43	0.8439	11.32	0.8269	5.77	0.7972	5.66	0.9028	11.54	0.9635	11.54	0.5804	16.98	0.6457	13.46	0.6572	13.46	0.8799	24.53	0.8916	9.62	0.7956	19.23	0.7564	11.54	0.6625	11.32	0.7496	20.75	0.9592	5.66	0.5349	9.09	0.6495	9.09	0.6903	9.09	0.6459	10.91	0.6343	7.27	0.5217	10.91	0.5838	9.09	0.5187	5.45	0.6513	9.09	0.6273	7.27	0.5993	16.67	0.5938	22.22	0.537	24.07	0.8716	23.64	0.6986	25.45	0.7566	18.18	0.8169	14.81	0.6045	18.18	0.7439	18.52	0.818	21.82	0.7692	22.64	0.7917	23.08	0.6715	26.92	0.6953	25.0	0.6453	20.37	0.8346	15.09	0.9634	21.15	0.93	9.43	0.646	32.69	0.6041	21.15	0.6353	23.08	0.7876	24.53	0.7538	11.32	0.7491	15.09	0.8821	22.64	0.992	13.46	0.7643	24.53	0.737	25.0	0.5842	20.0	0.6496	18.18	0.7515	18.18	0.6625	23.64	0.5703	18.18	0.5515	16.36	0.6241	12.73	0.7596	14.55	0.6823	25.45	0.7338	16.36	0.6276	9.43	0.7246	7.41	0.692	13.21	0.8185	12.96	0.7859	7.55	0.8001	11.11	0.8909	11.11	0.7099	11.11	0.616	9.26	0.86	15.09	0.6864	12.96	0.7961	14.81	0.6434	15.09	0.9198	13.21	0.6687	15.09	0.7572	15.09	0.844	14.81	0.9245	9.26	0.9483	13.21	0.8427	13.21	0.7756	13.21	0.6306	13.21	0.9216	13.21	0.8497	7.41	0.8797	12.96	0.9304	13.21	0.9876	3.77	0.9673	9.26	0.7014	12.96	0.6234	14.55	0.5345	18.18	0.6115	12.73	0.5748	20.0	0.5714	16.36	0.5729	14.55	0.717	12.73	0.5285	12.73	0.7844	20.0	0.6687	18.18	0.5427	12.96	0.5641	16.98	0.4236	18.52	0.6107	15.09	0.5795	14.81	0.4975	13.21	0.7364	13.21	0.6772	15.09	0.4323	18.87	0.917	12.96	0.5136	11.11	0.4679	12.96	0.491	11.32	0.4686	14.81	0.3704	11.11	0.9217	12.96	0.9692	11.32	0.5443	12.96	0.4544	12.96	0.5506	13.21	0.6166	11.32	0.5479	15.09	0.6909	13.21	0.4982	18.87	0.7222	14.81	0.6032	11.11	0.9872	16.98	0.8519	18.52	0.8671	16.98
85%	0.7173	19.05	0.7194	16.67	0.7404	21.43	0.8171	11.9	0.7423	16.67	0.71	19.51	0.6978	19.05	0.6404	19.05	0.6509	23.81	0.8038	21.95	0.6268	5.0	0.5811	0.0	0.6554	5.13	0.6086	2.56	0.7745	10.0	0.6145	4.88	0.7784	5.0	0.7667	5.13	0.7737	10.0	0.6835	2.5	0.6097	0.0	0.5881	2.56	0.778	15.0	0.9891	12.82	0.6791	7.5	0.8495	10.0	0.8462	7.69	0.8257	7.5	0.9325	12.82	0.9786	13.16	0.6151	12.82	0.6768	15.38	0.6708	17.95	0.9269	25.0	0.9117	10.0	0.7969	17.5	0.7774	15.38	0.6739	10.26	0.7792	22.5	0.9727	5.0	0.5466	11.9	0.7093	11.9	0.7522	11.9	0.6854	11.9	0.6761	9.52	0.5287	9.52	0.63	9.52	0.565	7.14	0.6873	11.9	0.6739	9.52	0.615	21.95	0.6451	21.95	0.5966	26.83	0.9234	24.39	0.7398	29.27	0.764	19.51	0.8506	12.2	0.6378	21.95	0.7575	19.51	0.8471	17.07	0.8007	28.21	0.8187	25.0	0.6928	28.21	0.7355	28.21	0.6485	10.53	0.843	20.51	0.975	20.0	0.9438	5.13	0.8043	40.0	0.6443	20.0	0.6816	25.0	0.8347	22.5	0.8082	15.0	0.7496	20.51	0.8995	27.5	0.9936	17.95	0.864	28.21	0.7917	27.5	0.6536	21.95	0.6914	24.39	0.79	17.07	0.7064	24.39	0.6214	24.39	0.6011	21.95	0.6515	17.07	0.8038	17.07	0.7053	31.71	0.7655	21.95	0.6682	10.0	0.7615	10.0	0.7738	17.5	0.8373	15.0	0.8056	10.0	0.8622	15.0	0.9106	10.0	0.7335	15.0	0.6235	12.5	0.9108	20.0	0.7364	10.0	0.8258	17.5	0.7458	15.0	0.943	9.76	0.7024	15.0	0.8052	15.0	0.8705	15.0	0.9402	7.5	0.9626	15.0	0.8984	12.5	0.8197	17.5	0.6427	12.5	0.9418	15.0	0.8575	10.0	0.8977	17.5	0.9398	12.5	0.9922	4.88	0.9756	10.0	0.7667	17.5	0.6341	19.51	0.5751	16.67	0.6351	16.67	0.6588	21.43	0.588	21.43	0.6223	16.67	0.7487	16.67	0.5721	16.67	0.8415	26.19	0.7063	23.81	0.5688	17.5	0.5782	20.0	0.5077	22.5	0.6912	17.5	0.6056	15.0	0.5479	17.5	0.7764	17.5	0.7373	20.0	0.6081	22.5	0.9395	17.5	0.5709	15.0	0.5079	15.0	0.5392	15.0	0.5407	17.5	0.8627	12.5	0.9297	12.5	0.9771	15.0	0.5804	15.0	0.4593	15.0	0.584	17.5	0.6599	15.0	0.618	17.5	0.7307	15.0	0.645	22.5	0.7536	17.5	0.6371	15.0	0.9912	20.0	0.8886	22.5	0.9137	22.5
86%	0.7222	20.51	0.726	17.95	0.7516	23.08	0.8192	12.82	0.7475	17.95	0.7125	20.51	0.7028	20.51	0.6468	20.51	0.6521	25.64	0.8058	23.08	0.6281	5.41	0.5879	0.0	0.6582	5.41	0.6126	2.7	0.7944	10.81	0.6174	5.41	0.7878	5.41	0.7682	2.7	0.7845	10.81	0.6876	2.7	0.613	0.0	0.6048	2.7	0.7848	16.22	0.9894	13.89	0.6941	5.41	0.8498	10.81	0.8489	8.11	0.8292	8.11	0.9401	13.51	0.9805	13.51	0.6206	13.51	0.6851	16.22	0.6771	18.92	0.9396	24.32	0.9131	10.81	0.7971	16.67	0.7806	13.89	0.6762	10.81	0.7929	21.62	0.9775	5.41	0.5495	12.82	0.7151	12.82	0.7624	12.82	0.713	12.82	0.6789	10.26	0.5297	10.53	0.6343	10.26	0.5983	7.69	0.6904	12.82	0.6869	10.26	0.6273	23.68	0.6619	23.68	0.6039	26.32	0.9318	26.32	0.7461	31.58	0.7651	18.42	0.8587	13.16	0.642	21.05	0.7612	21.05	0.8493	18.42	0.8122	27.03	0.8249	24.32	0.7025	27.03	0.7378	29.73	0.6492	10.81	0.8438	21.62	0.978	21.62	0.9461	5.41	0.8114	43.24	0.6575	18.92	0.6856	27.03	0.8478	24.32	0.8154	16.22	0.7497	21.62	0.9044	29.73	0.9938	18.92	0.8922	29.73	0.8004	29.73	0.6676	23.08	0.7099	23.08	0.7975	15.38	0.723	25.64	0.6266	25.64	0.6177	23.08	0.6675	17.95	0.8084	17.95	0.7168	30.77	0.7758	23.08	0.6714	10.53	0.7678	10.53	0.7826	15.79	0.8448	15.79	0.8106	10.53	0.8692	15.79	0.9141	10.53	0.7415	15.79	0.6271	13.16	0.9202	21.05	0.751	10.53	0.8321	18.42	0.7538	15.79	0.9494	10.53	0.7061	15.79	0.8106	15.79	0.8745	15.79	0.9411	8.11	0.9663	15.79	0.9045	13.16	0.8258	18.42	0.6446	13.16	0.9423	15.79	0.8583	10.53	0.9008	18.42	0.9427	13.16	0.994	5.26	0.9779	10.53	0.7774	18.42	0.6373	20.51	0.5817	17.95	0.6374	17.95	0.6755	20.51	0.5979	23.08	0.6241	17.95	0.7601	17.95	0.574	17.95	0.85	28.21	0.7115	23.08	0.5794	18.42	0.5842	21.05	0.5749	23.68	0.7064	18.42	0.6185	15.79	0.5502	18.42	0.7817	18.42	0.7506	21.05	0.643	23.68	0.9421	18.42	0.5862	15.79	0.5216	15.79	0.5494	15.79	0.5476	18.42	0.8835	13.16	0.9335	10.53	0.9784	15.79	0.5852	15.79	0.4614	16.22	0.5901	18.42	0.6693	15.79	0.6334	15.79	0.7361	15.79	0.6712	23.68	0.7556	18.42	0.6423	15.79	0.9917	21.62	0.8953	23.68	0.9227	23.68
87%	0.7258	22.22	0.7289	19.44	0.7641	22.22	0.8207	13.89	0.7498	19.44	0.7186	22.22	0.7112	22.22	0.6519	22.22	0.6534	25.0	0.809	25.0	0.6344	5.88	0.5896	0.0	0.6789	5.88	0.6194	2.94	0.8065	11.76	0.6218	5.88	0.7964	5.88	0.7738	2.94	0.7951	11.76	0.6927	2.94	0.6178	0.0	0.6128	2.94	0.792	14.71	0.9896	14.71	0.6989	5.88	0.8505	11.76	0.8579	8.82	0.839	8.82	0.9439	14.71	0.9819	14.71	0.6277	14.71	0.6879	17.65	0.6868	20.59	0.9463	26.47	0.9185	11.76	0.7975	17.65	0.7847	14.71	0.6782	11.76	0.8003	23.53	0.9788	5.88	0.5535	13.89	0.7235	13.89	0.7762	13.89	0.7365	11.11	0.6923	11.11	0.5311	11.11	0.6436	8.33	0.6055	8.33	0.6948	13.89	0.6944	11.11	0.6366	25.0	0.6715	25.0	0.6128	25.0	0.9428	27.78	0.7484	30.56	0.7657	19.44	0.8708	11.11	0.6453	22.22	0.7647	22.22	0.8523	19.44	0.8215	29.41	0.8288	23.53	0.7098	26.47	0.7449	29.41	0.6498	8.82	0.8465	23.53	0.982	23.53	0.95	5.88	0.8347	47.06	0.6777	17.65	0.6931	29.41	0.8593	23.53	0.8219	17.65	0.7501	20.59	0.9085	29.41	0.994	20.59	0.9034	32.35	0.8017	32.35	0.6816	22.22	0.7322	25.0	0.804	16.67	0.7361	27.78	0.635	27.78	0.6394	25.0	0.6762	19.44	0.8238	19.44	0.7201	30.56	0.784	25.0	0.679	11.43	0.7856	11.43	0.796	14.29	0.8492	17.14	0.8183	11.43	0.8831	17.14	0.9164	11.43	0.7449	17.14	0.6399	11.43	0.9332	22.86	0.77	11.43	0.8388	17.14	0.7796	11.43	0.9548	11.43	0.7133	17.14	0.8181	14.29	0.8784	17.14	0.9434	8.57	0.9686	17.14	0.9084	14.29	0.8349	20.0	0.6486	14.29	0.9473	17.14	0.8612	11.43	0.9037	20.0	0.9447	11.43	0.9948	5.71	0.9798	11.43	0.7893	20.0	0.6395	22.22	0.5891	19.44	0.6417	19.44	0.6877	22.22	0.6179	25.0	0.6315	19.44	0.7642	19.44	0.5774	19.44	0.8555	30.56	0.7298	19.44	0.5813	20.0	0.5883	20.0	0.6237	25.71	0.7184	17.14	0.6313	17.14	0.5596	20.0	0.797	20.0	0.7608	22.86	0.6642	25.71	0.945	20.0	0.5918	17.14	0.5252	17.14	0.558	17.14	0.5572	17.14	0.8988	14.29	0.9344	8.57	0.9789	17.14	0.5912	14.29	0.4637	17.14	0.605	17.14	0.6807	17.14	0.6366	17.14	0.7421	17.14	0.6976	22.86	0.7577	20.0	0.6487	17.14	0.9926	20.0	0.898	25.71	0.9329	25.71
88%	0.7322	21.21	0.755	21.21	0.7686	24.24	0.8248	15.15	0.7557	21.21	0.7339	24.24	0.7254	24.24	0.6562	24.24	0.6625	24.24	0.8156	24.24	0.6397	6.25	0.5943	0.0	0.6886	6.25	0.6237	3.03	0.8222	12.5	0.6263	6.25	0.808	6.25	0.7756	3.12	0.8014	12.5	0.7001	3.12	0.6233	0.0	0.6256	3.12	0.8017	15.62	0.9904	15.62	0.7026	6.25	0.8508	12.5	0.8645	9.38	0.8455	9.38	0.9472	15.62	0.983	12.5	0.6314	12.5	0.6946	15.62	0.6941	21.88	0.9516	28.12	0.9217	12.5	0.7977	18.75	0.7869	15.62	0.6793	12.5	0.8108	21.88	0.9811	6.25	0.5624	15.15	0.7353	15.15	0.7936	15.15	0.7614	12.12	0.6954	8.82	0.5353	12.12	0.6581	9.09	0.6174	9.09	0.7154	15.15	0.7114	12.12	0.6503	24.24	0.6823	27.27	0.6175	24.24	0.9475	27.27	0.7637	27.27	0.7669	18.18	0.8729	9.09	0.6486	21.21	0.7698	24.24	0.855	21.21	0.8317	31.25	0.8339	18.75	0.7243	28.12	0.7625	28.12	0.6502	9.38	0.8539	25.0	0.9832	21.88	0.9544	6.25	0.8744	46.88	0.6927	18.75	0.7107	28.12	0.8648	25.0	0.8316	18.75	0.7502	24.14	0.9115	31.25	0.9943	21.88	0.9144	34.38	0.8043	30.3	0.7021	24.24	0.7417	27.27	0.8113	18.18	0.7649	30.3	0.6531	27.27	0.6496	27.27	0.6928	15.15	0.8345	21.21	0.7256	30.3	0.7973	27.27	0.7034	12.5	0.7876	12.5	0.8277	15.62	0.8552	18.75	0.8239	12.5	0.8926	15.62	0.919	12.5	0.7539	18.75	0.6573	12.5	0.9449	25.0	0.7911	12.5	0.8508	18.75	0.7985	12.5	0.9614	12.5	0.723	18.75	0.8223	15.62	0.8818	18.75	0.9443	9.38	0.972	18.75	0.9119	15.62	0.8486	18.75	0.6546	15.62	0.9508	18.75	0.8666	12.5	0.9044	21.21	0.946	12.5	0.9956	6.25	0.9814	12.5	0.8011	21.88	0.7048	21.21	0.6189	21.21	0.6563	21.21	0.737	24.24	0.6883	24.24	0.646	21.21	0.7717	21.21	0.5816	21.21	0.873	24.24	0.7392	21.21	0.592	21.88	0.6018	21.88	0.7098	25.0	0.7357	18.75	0.6401	18.75	0.5636	21.88	0.8102	21.88	0.79	21.88	0.6809	25.0	0.9484	21.88	0.6062	18.75	0.5331	18.75	0.5678	18.75	0.5725	18.75	0.9057	15.62	0.9357	9.38	0.9802	18.75	0.5967	15.62	0.4659	18.75	0.6239	18.75	0.6882	18.75	0.6471	18.75	0.7452	18.75	0.722	21.88	0.7648	21.88	0.6578	18.75	0.993	22.58	0.906	28.12	0.9381	28.12
89%	0.7395	22.58	0.762	22.58	0.7708	25.81	0.8275	16.13	0.7671	22.58	0.7411	25.81	0.7413	22.58	0.6735	25.81	0.6745	25.81	0.8194	25.81	0.6418	6.9	0.5987	0.0	0.7007	6.9	0.6334	3.45	0.8362	10.34	0.63	6.9	0.8141	6.9	0.7779	3.45	0.8096	13.79	0.709	3.45	0.6311	0.0	0.6326	3.45	0.806	13.79	0.9916	13.79	0.7322	6.9	0.8513	13.79	0.8714	10.34	0.851	6.9	0.9516	17.24	0.9877	13.79	0.6439	10.34	0.7035	13.79	0.698	20.69	0.9557	27.59	0.9246	13.79	0.7978	20.69	0.7912	13.79	0.6818	13.79	0.8219	24.14	0.9835	6.9	0.5678	16.13	0.748	12.9	0.8015	16.13	0.7881	12.9	0.7051	9.68	0.5361	12.9	0.6796	9.68	0.6406	9.68	0.7205	16.13	0.7438	12.9	0.6652	23.33	0.6976	23.33	0.6483	20.0	0.958	30.0	0.7711	26.67	0.7678	16.67	0.8765	10.0	0.6545	20.0	0.7721	23.33	0.857	20.0	0.8389	34.48	0.839	13.79	0.7266	31.03	0.7818	27.59	0.651	10.0	0.8556	27.59	0.9848	24.14	0.9601	6.9	0.8914	44.83	0.7023	20.69	0.7283	27.59	0.8666	27.59	0.8403	20.69	0.7502	24.14	0.9137	31.03	0.9945	22.58	0.9298	37.93	0.8095	31.03	0.7119	25.81	0.756	29.03	0.8155	19.35	0.7891	32.26	0.6652	22.58	0.663	29.03	0.6975	16.13	0.8497	22.58	0.7321	32.26	0.8004	29.03	0.7404	13.33	0.8014	13.33	0.8524	16.67	0.862	20.0	0.8317	13.33	0.8962	13.33	0.9234	13.33	0.7614	20.0	0.6884	13.33	0.9503	26.67	0.797	13.33	0.8702	20.0	0.8015	13.33	0.9639	13.33	0.7382	20.0	0.8351	16.67	0.8841	20.0	0.9449	10.0	0.9768	20.0	0.9198	16.67	0.8586	20.0	0.6617	16.67	0.9533	20.0	0.8719	10.0	0.9069	23.33	0.9474	13.33	0.9957	7.14	0.9821	13.79	0.81	23.33	0.7613	22.58	0.7508	22.58	0.8312	22.58	0.7616	25.81	0.8637	22.58	0.7435	22.58	0.7833	22.58	0.5867	22.58	0.8848	22.58	0.7873	22.58	0.6076	23.33	0.6071	23.33	0.7703	23.33	0.7521	20.0	0.6725	20.0	0.5786	23.33	0.8264	23.33	0.8046	23.33	0.7157	26.67	0.9519	20.0	0.6086	20.0	0.5479	20.0	0.5865	20.0	0.5872	20.0	0.9093	16.67	0.9387	10.0	0.9811	20.69	0.6148	16.67	0.4676	19.35	0.6402	20.0	0.692	20.0	0.6623	20.0	0.7488	16.67	0.7343	20.0	0.7668	23.33	0.6613	20.0	0.9933	20.69	0.9183	30.0	0.9454	30.0
90%	0.7515	25.0	0.7633	21.43	0.7775	25.0	0.8317	17.86	0.7942	25.0	0.7455	25.0	0.7724	21.43	0.6847	28.57	0.6785	28.57	0.8229	28.57	0.6485	7.69	0.603	0.0	0.7101	7.41	0.6379	3.85	0.8419	11.11	0.6344	7.69	0.8252	7.69	0.7822	3.85	0.822	14.81	0.7186	3.7	0.6358	0.0	0.6408	3.7	0.8113	14.81	0.9939	15.38	0.736	7.41	0.8516	11.54	0.8785	11.11	0.8654	7.69	0.9581	14.81	0.9886	15.38	0.6573	11.54	0.7122	15.38	0.6997	17.86	0.9663	29.63	0.9306	11.54	0.7979	21.74	0.8007	14.81	0.684	15.38	0.837	26.92	0.9849	7.14	0.5819	17.86	0.7581	14.29	0.8249	10.71	0.8222	10.71	0.7183	10.71	0.5405	10.71	0.6975	10.71	0.6774	10.71	0.7367	17.86	0.7522	14.29	0.6771	25.93	0.7055	25.0	0.6609	17.86	0.9638	29.63	0.7809	29.63	0.7689	18.52	0.8792	11.11	0.6583	22.22	0.7743	25.0	0.8622	18.52	0.8471	37.04	0.8437	15.38	0.739	34.62	0.7923	30.77	0.6511	11.11	0.8618	25.0	0.9868	25.93	0.97	7.41	0.8976	48.15	0.7133	22.22	0.7367	29.63	0.8688	26.92	0.849	22.22	0.7503	28.0	0.9154	33.33	0.9947	23.08	0.9462	40.74	0.8133	34.62	0.7206	28.57	0.7762	32.14	0.8205	21.43	0.7932	32.14	0.6846	21.43	0.6968	28.57	0.7012	17.86	0.8592	25.0	0.7515	32.14	0.8125	32.14	0.7489	14.81	0.8089	14.81	0.8689	14.81	0.8662	18.52	0.8489	14.81	0.9057	11.11	0.9282	14.81	0.7783	22.22	0.714	14.81	0.952	25.93	0.8005	14.81	0.8869	22.22	0.8383	14.81	0.9673	14.81	0.7502	22.22	0.8434	14.81	0.8884	18.52	0.9513	11.11	0.9798	22.22	0.9214	18.52	0.8626	18.52	0.666	18.52	0.9581	18.52	0.8746	11.11	0.909	25.93	0.9514	14.81	0.9958	7.41	0.9835	14.81	0.8156	25.93	0.7805	25.0	0.7777	25.0	0.8516	25.0	0.7817	28.57	0.8723	25.0	0.8094	25.0	0.8021	25.0	0.6036	25.0	0.8917	25.0	0.8398	25.0	0.6276	25.93	0.6201	25.93	0.7966	25.93	0.7554	22.22	0.6761	22.22	0.5868	25.93	0.839	22.22	0.8074	22.22	0.7183	25.93	0.9552	18.52	0.6246	18.52	0.5497	22.22	0.6007	22.22	0.6007	22.22	0.9132	18.52	0.9399	11.11	0.9821	22.22	0.6217	18.52	0.4695	22.22	0.6523	22.22	0.7127	22.22	0.6713	22.22	0.7513	18.52	0.7442	18.52	0.7725	25.93	0.666	22.22	0.9942	18.52	0.9298	33.33	0.953	33.33
91%	0.7545	28.0	0.7658	24.0	0.788	24.0	0.8331	20.0	0.8215	28.0	0.7557	16.0	0.7797	20.0	0.7109	32.0	0.6815	32.0	0.8353	32.0	0.6494	8.33	0.6138	0.0	0.7177	4.17	0.6447	4.17	0.8588	12.5	0.6419	8.33	0.8306	8.33	0.7841	4.17	0.8305	16.67	0.7252	4.17	0.6377	0.0	0.6501	4.17	0.8205	16.67	0.9947	16.0	0.7773	8.33	0.8521	8.33	0.8873	12.5	0.8779	8.33	0.9641	12.5	0.9895	16.67	0.6663	12.5	0.7141	16.67	0.7074	12.5	0.9686	29.17	0.9343	12.5	0.7979	21.74	0.8054	16.67	0.6849	8.33	0.8459	29.17	0.9875	8.33	0.6001	16.0	0.7666	16.0	0.8421	12.0	0.8566	12.0	0.7317	12.0	0.5442	12.0	0.7502	12.0	0.7847	12.0	0.7467	20.0	0.767	16.0	0.7005	24.0	0.7092	20.0	0.6828	20.0	0.9682	32.0	0.7944	32.0	0.7694	20.83	0.885	12.0	0.6657	24.0	0.7761	24.0	0.8653	16.0	0.8601	41.67	0.8484	12.5	0.7686	37.5	0.8005	33.33	0.6515	12.0	0.8619	25.0	0.9875	29.17	0.9726	8.33	0.9089	50.0	0.727	24.0	0.747	33.33	0.8788	29.17	0.8552	20.83	0.7504	26.09	0.917	29.17	0.995	26.09	0.953	45.83	0.8153	37.5	0.761	28.0	0.8074	36.0	0.8249	20.0	0.8218	32.0	0.7301	20.0	0.7277	32.0	0.7266	16.0	0.8672	24.0	0.7947	32.0	0.8288	36.0	0.7561	16.67	0.8195	16.67	0.8839	16.67	0.8722	20.83	0.8625	16.67	0.9111	12.5	0.9302	12.5	0.7938	25.0	0.8017	16.67	0.9543	29.17	0.8104	16.67	0.895	25.0	0.846	16.67	0.9718	16.67	0.7654	25.0	0.8504	16.67	0.8916	20.83	0.9574	12.0	0.982	25.0	0.9304	20.83	0.8733	20.83	0.6735	20.83	0.9612	20.83	0.8774	12.5	0.9111	29.17	0.955	16.0	0.9962	8.33	0.9851	16.67	0.8329	29.17	0.7828	24.0	0.7955	28.0	0.8592	28.0	0.7899	32.0	0.8761	28.0	0.841	24.0	0.8082	28.0	0.6223	28.0	0.8969	28.0	0.8431	28.0	0.6479	29.17	0.6551	29.17	0.8092	25.0	0.7766	25.0	0.6888	25.0	0.6117	29.17	0.8446	25.0	0.8133	25.0	0.7229	29.17	0.9569	20.83	0.636	20.83	0.5528	25.0	0.6134	20.83	0.6218	20.83	0.9161	20.83	0.9414	12.5	0.9838	20.83	0.634	20.83	0.4728	25.0	0.6665	25.0	0.7164	20.83	0.688	25.0	0.758	20.83	0.7855	16.67	0.7802	25.0	0.6766	20.83	0.9952	12.5	0.942	29.17	0.96	37.5
92%	0.7595	31.82	0.7795	27.27	0.7956	27.27	0.8377	18.18	0.8249	31.82	0.7625	4.55	0.782	18.18	0.717	31.82	0.6861	31.82	0.8441	36.36	0.652	9.09	0.6196	0.0	0.7255	4.76	0.6542	4.76	0.8871	14.29	0.6503	9.52	0.8489	9.52	0.7861	0.0	0.8494	19.05	0.7565	4.76	0.6467	0.0	0.6569	0.0	0.8325	14.29	0.9951	19.05	0.7935	9.52	0.8529	9.52	0.8887	14.29	0.8811	9.52	0.9704	14.29	0.9906	19.05	0.6739	14.29	0.7283	19.05	0.7104	9.52	0.9714	33.33	0.9406	9.52	0.7981	19.05	0.8091	14.29	0.6858	9.52	0.8531	23.81	0.9878	9.52	0.6385	13.64	0.778	13.64	0.8762	13.64	0.8818	13.64	0.7463	13.64	0.551	13.64	0.7599	13.64	0.8344	13.64	0.7612	18.18	0.7983	18.18	0.7321	22.73	0.7161	22.73	0.6932	22.73	0.9738	36.36	0.7983	31.82	0.7696	21.74	0.9055	9.09	0.6669	22.73	0.779	27.27	0.8679	18.18	0.8639	42.86	0.8575	14.29	0.7824	38.1	0.8249	33.33	0.6518	14.29	0.8641	28.57	0.9884	28.57	0.975	9.52	0.9202	57.14	0.7335	23.81	0.7582	38.1	0.8868	33.33	0.8705	19.05	0.7505	28.57	0.9194	33.33	0.9955	27.27	0.9616	47.62	0.8275	42.86	0.7765	31.82	0.8407	40.91	0.8389	22.73	0.8291	31.82	0.7429	18.18	0.7413	34.78	0.733	13.64	0.8678	22.73	0.8725	36.36	0.8419	40.91	0.7665	17.39	0.8238	18.18	0.8905	18.18	0.8795	22.73	0.8696	18.18	0.913	13.64	0.9319	13.64	0.8032	27.27	0.8047	18.18	0.9558	31.82	0.8206	18.18	0.9073	22.73	0.8602	18.18	0.973	19.05	0.7927	22.73	0.8595	18.18	0.8961	22.73	0.9596	13.64	0.9843	27.27	0.9377	22.73	0.8907	22.73	0.6764	22.73	0.9635	22.73	0.8788	9.09	0.9126	31.82	0.9556	17.39	0.9971	9.09	0.9861	18.18	0.8531	27.27	0.7873	27.27	0.8187	31.82	0.86	31.82	0.8144	36.36	0.8787	31.82	0.8513	27.27	0.8453	31.82	0.689	31.82	0.9017	31.82	0.8596	31.82	0.7494	31.82	0.7372	31.82	0.8707	27.27	0.7869	22.73	0.6987	27.27	0.7355	31.82	0.8749	22.73	0.8199	27.27	0.7376	31.82	0.9595	22.73	0.6653	22.73	0.5706	27.27	0.6354	22.73	0.638	22.73	0.9201	22.73	0.9449	13.64	0.9869	18.18	0.6378	22.73	0.5398	27.27	0.6829	22.73	0.7381	22.73	0.7026	27.27	0.7969	22.73	0.8119	18.18	0.7934	27.27	0.698	22.73	0.9954	14.29	0.9489	31.82	0.967	36.36
93%	0.7626	35.0	0.7957	30.0	0.8137	30.0	0.8437	20.0	0.8271	35.0	0.7662	0.0	0.7847	20.0	0.7274	35.0	0.6908	35.0	0.8499	35.0	0.6544	10.53	0.6218	0.0	0.73	5.26	0.6644	5.26	0.8947	10.53	0.6535	10.53	0.8548	10.53	0.7881	0.0	0.8727	21.05	0.7689	5.26	0.65	0.0	0.6732	0.0	0.8417	15.79	0.9961	16.67	0.8068	10.53	0.8531	5.26	0.892	15.79	0.8832	5.26	0.9766	15.79	0.9915	21.05	0.6936	10.53	0.7403	15.79	0.7178	10.53	0.9745	36.84	0.9423	10.53	0.7982	21.05	0.8153	10.53	0.6867	10.53	0.8698	21.05	0.9899	10.53	0.643	15.0	0.8016	15.0	0.8836	15.0	0.92	15.0	0.7693	15.0	0.5529	15.0	0.777	15.0	0.9051	15.0	0.7835	20.0	0.8308	15.0	0.7473	15.79	0.7273	21.05	0.7081	26.32	0.9788	42.11	0.8068	31.58	0.7701	25.0	0.9134	10.53	0.6695	15.79	0.79	26.32	0.8711	21.05	0.8702	47.37	0.8615	15.79	0.7964	42.11	0.8364	36.84	0.652	16.67	0.8666	31.58	0.9895	31.58	0.9801	10.53	0.9362	57.89	0.7424	26.32	0.7679	42.11	0.8929	26.32	0.8772	21.05	0.7508	26.32	0.928	36.84	0.9958	31.58	0.9739	52.63	0.8317	47.37	0.8024	30.0	0.8757	40.0	0.843	26.32	0.8409	35.0	0.7667	20.0	0.7551	35.0	0.7487	15.0	0.8714	25.0	0.9113	40.0	0.8637	45.0	0.783	15.79	0.8365	21.05	0.8946	21.05	0.8848	21.05	0.8814	21.05	0.9209	15.79	0.9341	15.79	0.8143	31.58	0.8117	21.05	0.959	36.84	0.8421	21.05	0.9148	21.05	0.8709	15.79	0.9743	21.05	0.8249	26.32	0.8623	21.05	0.9006	26.32	0.9604	15.79	0.9853	31.58	0.9408	26.32	0.9076	26.32	0.6908	26.32	0.9649	26.32	0.8827	10.53	0.9144	26.32	0.9589	21.05	0.998	10.53	0.9865	21.05	0.8749	31.58	0.7902	30.0	0.8404	35.0	0.8612	35.0	0.8477	40.0	0.8843	35.0	0.8523	30.0	0.8589	30.0	0.7297	35.0	0.9102	35.0	0.8766	35.0	0.8091	36.84	0.7913	36.84	0.9051	26.32	0.8299	26.32	0.7052	31.58	0.7535	36.84	0.887	21.05	0.8229	26.32	0.7449	36.84	0.962	26.32	0.6841	26.32	0.5824	31.58	0.6482	26.32	0.6694	26.32	0.9238	26.32	0.9521	10.53	0.9889	21.05	0.6458	26.32	0.6701	31.58	0.7208	26.32	0.745	26.32	0.7189	26.32	0.8226	26.32	0.8328	21.05	0.7977	26.32	0.7165	26.32	0.9956	15.0	0.9644	36.84	0.9733	36.84
94%	0.7727	41.18	0.824	29.41	0.8305	29.41	0.848	23.53	0.8308	41.18	0.7694	0.0	0.7904	5.88	0.7373	29.41	0.6935	35.29	0.8543	35.29	0.6624	12.5	0.634	0.0	0.7384	6.25	0.6681	6.25	0.9083	11.76	0.6563	12.5	0.862	12.5	0.7911	0.0	0.8864	18.75	0.778	6.25	0.6554	0.0	0.6904	0.0	0.8591	18.75	0.9962	18.75	0.8303	12.5	0.8542	7.14	0.8943	18.75	0.896	6.25	0.9817	18.75	0.9919	18.75	0.7	12.5	0.7518	18.75	0.7246	12.5	0.9763	37.5	0.9531	12.5	0.7982	21.05	0.8254	12.5	0.689	6.25	0.8776	25.0	0.991	12.5	0.6549	11.76	0.8288	17.65	0.8916	11.76	0.9323	11.76	0.7949	17.65	0.5568	17.65	0.791	17.65	0.9166	17.65	0.7889	17.65	0.8724	11.76	0.7672	17.65	0.7435	23.53	0.7464	29.41	0.9869	47.06	0.8121	35.29	0.7708	23.53	0.9231	11.76	0.6745	17.65	0.7937	23.53	0.8719	23.53	0.8741	50.0	0.8763	18.75	0.8189	50.0	0.8449	43.75	0.6522	18.75	0.8692	31.25	0.991	35.29	0.9824	12.5	0.9493	62.5	0.7512	31.25	0.7738	43.75	0.8963	18.75	0.8894	25.0	0.7512	25.0	0.9305	37.5	0.9962	37.5	0.9825	50.0	0.8398	50.0	0.8108	29.41	0.9185	47.06	0.8477	29.41	0.8665	29.41	0.803	23.53	0.7868	41.18	0.7715	17.65	0.8898	29.41	0.9632	41.18	0.8764	47.06	0.7956	12.5	0.8477	25.0	0.8971	25.0	0.8938	25.0	0.8896	25.0	0.9243	18.75	0.9386	20.0	0.8274	37.5	0.816	18.75	0.962	43.75	0.8469	18.75	0.9161	25.0	0.8811	18.75	0.9766	25.0	0.8538	25.0	0.869	25.0	0.9079	31.25	0.9621	18.75	0.9898	37.5	0.9582	25.0	0.9144	31.25	0.7022	31.25	0.9659	31.25	0.8881	12.5	0.9169	31.25	0.9633	12.5	0.9983	12.5	0.9872	22.22	0.8944	37.5	0.7933	35.29	0.878	29.41	0.8679	41.18	0.8759	41.18	0.8895	29.41	0.8554	35.29	0.8723	35.29	0.7666	41.18	0.9206	29.41	0.9017	35.29	0.8307	31.25	0.9001	37.5	0.9217	25.0	0.9172	31.25	0.7326	37.5	0.7625	31.25	0.901	18.75	0.8283	31.25	0.754	31.25	0.9643	25.0	0.7235	31.25	0.6135	31.25	0.7055	31.25	0.7059	31.25	0.9256	31.25	0.9622	6.25	0.9917	23.53	0.6522	31.25	0.7208	37.5	0.7705	31.25	0.7536	31.25	0.7346	31.25	0.8991	31.25	0.8503	18.75	0.8241	31.25	0.7861	31.25	0.9962	17.65	0.9756	37.5	0.977	43.75
95%	0.7814	50.0	0.84	35.71	0.8354	35.71	0.8567	28.57	0.835	42.86	0.7706	0.0	0.8003	7.14	0.7534	35.71	0.7013	42.86	0.8592	35.71	0.6786	14.29	0.6427	0.0	0.7539	7.14	0.6702	7.14	0.9182	14.29	0.6575	7.69	0.8825	14.29	0.7945	0.0	0.9043	15.38	0.7873	8.33	0.6634	0.0	0.7163	0.0	0.8738	23.08	0.9974	21.43	0.8448	15.38	0.8552	7.14	0.8957	23.08	0.9006	7.69	0.9853	23.08	0.9925	23.08	0.7079	15.38	0.7616	21.43	0.7267	14.29	0.9821	38.46	0.9574	14.29	0.7983	14.29	0.8358	14.29	0.6925	7.69	0.8832	30.77	0.9922	16.67	0.6736	14.29	0.8396	21.43	0.903	7.14	0.9384	14.29	0.8274	14.29	0.5599	21.43	0.8064	21.43	0.9298	14.29	0.8329	14.29	0.8989	7.14	0.7797	21.43	0.7538	21.43	0.7758	35.71	0.99	42.86	0.8246	35.71	0.7714	28.57	0.9361	7.14	0.6939	21.43	0.7978	28.57	0.8751	28.57	0.8846	61.54	0.8881	23.08	0.8402	61.54	0.8601	46.15	0.6525	14.29	0.8743	28.57	0.9931	46.15	0.9856	14.29	0.952	69.23	0.7752	23.08	0.7775	46.15	0.9014	15.38	0.9024	28.57	0.7516	30.77	0.9346	38.46	0.9962	37.5	0.987	53.85	0.8485	50.0	0.8355	28.57	0.9388	42.86	0.8547	35.71	0.8895	35.71	0.8213	21.43	0.8262	42.86	0.792	21.43	0.9021	28.57	0.9787	50.0	0.8892	50.0	0.8076	14.29	0.8499	28.57	0.8997	28.57	0.899	21.43	0.8937	28.57	0.9277	21.43	0.9419	21.43	0.8352	42.86	0.818	21.43	0.9655	50.0	0.8603	21.43	0.9292	28.57	0.8899	21.43	0.9782	28.57	0.8727	28.57	0.872	28.57	0.9299	28.57	0.9639	21.43	0.9902	42.86	0.9641	21.43	0.9275	35.71	0.7068	28.57	0.9703	35.71	0.8915	14.29	0.9229	35.71	0.9661	14.29	0.9986	14.29	0.9891	28.57	0.9159	42.86	0.7967	42.86	0.8987	23.08	0.8717	42.86	0.8933	42.86	0.8953	21.43	0.8579	42.86	0.8788	35.71	0.8067	50.0	0.9251	28.57	0.9094	35.71	0.839	28.57	0.9251	42.86	0.946	28.57	0.9634	28.57	0.7747	35.71	0.7671	28.57	0.9119	7.14	0.8409	35.71	0.7916	35.71	0.9658	21.43	0.765	35.71	0.721	35.71	0.7353	35.71	0.7703	35.71	0.9272	35.71	0.9644	7.14	0.9932	30.77	0.6635	28.57	0.8326	42.86	0.8315	35.71	0.8224	28.57	0.8443	28.57	0.9404	35.71	0.8877	21.43	0.843	28.57	0.8429	28.57	0.9971	21.43	0.9807	42.86	0.9801	42.86
96%	0.8014	54.55	0.8534	45.45	0.841	45.45	0.876	36.36	0.8434	45.45	0.7717	0.0	0.8093	0.0	0.7685	45.45	0.7469	54.55	0.8642	36.36	0.6823	18.18	0.6485	0.0	0.7657	9.09	0.6882	9.09	0.9295	18.18	0.6588	9.09	0.9049	18.18	0.7958	0.0	0.9152	9.09	0.794	9.09	0.6693	0.0	0.7211	0.0	0.8823	27.27	0.9981	27.27	0.8553	18.18	0.8559	8.33	0.9028	27.27	0.9051	0.0	0.989	27.27	0.9927	30.0	0.713	18.18	0.7711	27.27	0.7375	18.18	0.9846	45.45	0.961	18.18	0.7983	14.29	0.8413	18.18	0.699	9.09	0.8971	36.36	0.9926	20.0	0.6841	9.09	0.8613	18.18	0.934	9.09	0.9489	9.09	0.8364	18.18	0.5659	18.18	0.8155	27.27	0.9346	18.18	0.8382	9.09	0.9035	9.09	0.8167	27.27	0.8075	27.27	0.825	36.36	0.9921	36.36	0.8527	45.45	0.7725	33.33	0.9551	0.0	0.7127	27.27	0.8078	36.36	0.8824	36.36	0.8878	63.64	0.8928	18.18	0.8588	63.64	0.8866	45.45	0.6529	18.18	0.8778	27.27	0.9945	54.55	0.9869	18.18	0.9603	72.73	0.7858	18.18	0.7961	54.55	0.9041	18.18	0.9088	27.27	0.7519	33.33	0.9387	36.36	0.9968	36.36	0.9882	54.55	0.8539	45.45	0.8537	36.36	0.9428	45.45	0.8666	36.36	0.907	36.36	0.848	27.27	0.8461	45.45	0.8439	27.27	0.9115	27.27	0.985	45.45	0.8991	63.64	0.8188	18.18	0.8583	36.36	0.9092	36.36	0.9163	27.27	0.9005	36.36	0.9331	27.27	0.9477	18.18	0.8382	36.36	0.8266	27.27	0.9731	63.64	0.8744	27.27	0.9458	36.36	0.8942	25.0	0.9793	36.36	0.8928	27.27	0.8751	27.27	0.9341	36.36	0.9699	27.27	0.9947	54.55	0.9688	27.27	0.937	45.45	0.7237	36.36	0.9732	45.45	0.8959	18.18	0.9296	45.45	0.9703	18.18	0.999	9.09	0.9899	27.27	0.9306	45.45	0.7995	50.0	0.9049	27.27	0.875	45.45	0.9035	36.36	0.9035	16.67	0.8602	54.55	0.8877	45.45	0.85	54.55	0.9298	18.18	0.9172	18.18	0.8538	27.27	0.93	54.55	0.957	36.36	0.9692	36.36	0.8201	36.36	0.7738	18.18	0.9269	0.0	0.8648	27.27	0.8757	45.45	0.9702	18.18	0.8469	36.36	0.7941	36.36	0.8084	45.45	0.8348	36.36	0.9282	41.67	0.9689	9.09	0.9957	36.36	0.668	36.36	0.8898	45.45	0.8371	40.0	0.8488	36.36	0.9118	36.36	0.9502	36.36	0.9124	27.27	0.8603	27.27	0.8649	36.36	0.9975	27.27	0.9871	45.45	0.9824	45.45
97%	0.8107	55.56	0.8669	44.44	0.876	44.44	0.88	44.44	0.8634	55.56	0.7737	0.0	0.8218	0.0	0.7887	55.56	0.8423	66.67	0.8763	44.44	0.6944	12.5	0.6667	0.0	0.7918	12.5	0.7111	12.5	0.9414	25.0	0.6618	12.5	0.9092	12.5	0.8028	0.0	0.9326	0.0	0.805	12.5	0.6769	0.0	0.73	0.0	0.8901	25.0	0.9987	25.0	0.8769	12.5	0.8563	12.5	0.9102	25.0	0.9128	0.0	0.9908	37.5	0.9935	37.5	0.7425	12.5	0.7764	37.5	0.742	25.0	0.9855	50.0	0.969	25.0	0.7984	14.29	0.8713	25.0	0.7005	12.5	0.9124	37.5	0.9934	25.0	0.691	11.11	0.873	11.11	0.9551	11.11	0.9567	11.11	0.8531	11.11	0.5701	22.22	0.8323	22.22	0.9524	22.22	0.864	0.0	0.9184	11.11	0.8622	22.22	0.8384	33.33	0.8512	44.44	0.9927	33.33	0.8753	44.44	0.7734	37.5	0.9606	0.0	0.7259	33.33	0.8105	33.33	0.8966	33.33	0.8995	62.5	0.8984	25.0	0.8934	62.5	0.8941	62.5	0.6536	12.5	0.8853	25.0	0.9961	62.5	0.9885	25.0	0.9679	87.5	0.8016	25.0	0.8048	75.0	0.9173	25.0	0.9324	25.0	0.752	37.5	0.9432	50.0	0.9974	25.0	0.9926	62.5	0.8608	50.0	0.8732	44.44	0.9529	55.56	0.9	44.44	0.9289	44.44	0.8641	33.33	0.871	55.56	0.8878	33.33	0.9218	33.33	0.9929	55.56	0.9108	77.78	0.8385	12.5	0.8738	37.5	0.914	25.0	0.9348	37.5	0.9066	50.0	0.9437	33.33	0.9532	25.0	0.8473	37.5	0.8387	37.5	0.9801	87.5	0.8983	37.5	0.9504	50.0	0.8985	37.5	0.9827	50.0	0.9166	25.0	0.8773	37.5	0.9525	25.0	0.9753	37.5	0.997	75.0	0.9716	33.33	0.9409	50.0	0.7305	50.0	0.982	50.0	0.8995	25.0	0.9334	50.0	0.9718	22.22	0.9994	11.11	0.9905	33.33	0.9317	50.0	0.8011	55.56	0.9079	22.22	0.88	44.44	0.9157	44.44	0.9058	22.22	0.8646	66.67	0.9075	55.56	0.9116	66.67	0.9334	22.22	0.9215	22.22	0.8677	25.0	0.946	75.0	0.9693	37.5	0.9732	50.0	0.8481	50.0	0.7818	12.5	0.931	0.0	0.8864	25.0	0.8989	50.0	0.9744	22.22	0.9054	37.5	0.8408	25.0	0.8765	37.5	0.879	37.5	0.9287	37.5	0.9763	12.5	0.9975	50.0	0.727	37.5	0.9033	37.5	0.8449	50.0	0.8683	50.0	0.9313	37.5	0.9596	37.5	0.9302	25.0	0.8694	25.0	0.8756	37.5	0.9984	37.5	0.9906	62.5	0.9862	50.0
98%	0.815	66.67	0.8855	66.67	0.8986	66.67	0.8994	50.0	0.8946	66.67	0.7892	0.0	0.8431	0.0	0.8481	66.67	0.8949	66.67	0.8829	16.67	0.7063	16.67	0.6777	0.0	0.8049	0.0	0.7634	16.67	0.9578	33.33	0.6665	0.0	0.9224	16.67	0.8078	0.0	0.9383	0.0	0.8252	16.67	0.6863	0.0	0.7492	0.0	0.9313	16.67	0.999	40.0	0.9075	16.67	0.8574	0.0	0.9202	16.67	0.9355	0.0	0.9926	50.0	0.9951	33.33	0.7709	16.67	0.7858	50.0	0.751	33.33	0.9889	50.0	0.9735	33.33	0.7985	14.29	0.8784	33.33	0.704	16.67	0.9148	33.33	0.994	33.33	0.7314	0.0	0.8887	0.0	0.9631	16.67	0.9641	16.67	0.9002	0.0	0.5778	16.67	0.8551	16.67	0.9616	33.33	0.9069	0.0	0.9436	0.0	0.8839	33.33	0.8782	50.0	0.9333	50.0	0.9943	33.33	0.8924	50.0	0.7762	33.33	0.9735	0.0	0.7586	50.0	0.8268	50.0	0.8984	50.0	0.903	66.67	0.9101	33.33	0.9208	83.33	0.9098	83.33	0.6549	14.29	0.8887	33.33	0.9975	66.67	0.99	33.33	0.9765	83.33	0.8161	33.33	0.8279	83.33	0.9355	33.33	0.9486	16.67	0.7523	33.33	0.9472	50.0	0.9983	33.33	0.9941	83.33	0.8699	66.67	0.9046	50.0	0.9562	83.33	0.9184	50.0	0.9376	66.67	0.8817	33.33	0.8879	66.67	0.9067	50.0	0.9286	50.0	0.9977	83.33	0.9144	100.0	0.8521	0.0	0.926	50.0	0.9281	33.33	0.9448	33.33	0.9138	66.67	0.9463	33.33	0.963	16.67	0.8895	33.33	0.8561	50.0	0.9893	83.33	0.9154	50.0	0.9805	42.86	0.9266	33.33	0.9923	66.67	0.9277	33.33	0.8777	42.86	0.9766	33.33	0.9796	50.0	0.9984	66.67	0.9723	50.0	0.9552	66.67	0.7473	33.33	0.9846	66.67	0.9087	33.33	0.9457	66.67	0.9728	33.33	0.9996	14.29	0.9912	50.0	0.9455	50.0	0.8034	50.0	0.9203	16.67	0.8834	33.33	0.9332	33.33	0.9112	16.67	0.8657	66.67	0.9133	66.67	0.9354	50.0	0.9398	16.67	0.9324	16.67	0.8783	16.67	0.954	83.33	0.9696	33.33	0.979	50.0	0.8555	33.33	0.7854	0.0	0.9362	0.0	0.8967	33.33	0.9343	50.0	0.9805	16.67	0.9452	33.33	0.8991	33.33	0.9534	33.33	0.9637	33.33	0.9298	33.33	0.9818	0.0	0.9991	66.67	0.89	33.33	0.9305	16.67	0.8645	50.0	0.8821	33.33	0.9468	42.86	0.9655	33.33	0.9484	16.67	0.9124	33.33	0.885	50.0	0.9989	50.0	0.9914	60.0	0.9884	66.67
max	0.8735	-1.0	0.9706	-1.0	0.9661	-1.0	0.9422	-1.0	0.9528	-1.0	0.8129	-1.0	0.9083	-1.0	0.9465	-1.0	0.9914	-1.0	0.8984	-1.0	0.7529	-1.0	0.7484	-1.0	0.8405	-1.0	0.817	-1.0	0.973	-1.0	0.7035	-1.0	0.9872	-1.0	0.866	-1.0	0.9652	-1.0	0.8934	-1.0	0.7228	-1.0	0.8923	-1.0	0.9905	-1.0	0.9998	-1.0	0.9412	-1.0	0.8623	-1.0	0.957	-1.0	0.9913	-1.0	0.9982	-1.0	0.9963	-1.0	0.8161	-1.0	0.8525	-1.0	0.7918	-1.0	0.9987	-1.0	0.9883	-1.0	0.7987	-1.0	0.9143	-1.0	0.742	-1.0	0.9318	-1.0	0.9962	-1.0	0.8213	-1.0	0.9908	-1.0	0.9979	-1.0	0.987	-1.0	0.995	-1.0	0.618	-1.0	0.936	-1.0	0.9826	-1.0	0.9541	-1.0	0.971	-1.0	0.9399	-1.0	0.9238	-1.0	0.9646	-1.0	0.9998	-1.0	0.9742	-1.0	0.7793	-1.0	0.9834	-1.0	0.9932	-1.0	0.9958	-1.0	0.9127	-1.0	0.9328	-1.0	0.9647	-1.0	0.9636	-1.0	0.9468	-1.0	0.6555	-1.0	0.9412	-1.0	0.9993	-1.0	0.9983	-1.0	0.9955	-1.0	0.8797	-1.0	0.8691	-1.0	0.9608	-1.0	0.9773	-1.0	0.7526	-1.0	0.9564	-1.0	0.9998	-1.0	0.9994	-1.0	0.9092	-1.0	0.973	-1.0	0.9838	-1.0	0.966	-1.0	0.9761	-1.0	0.95	-1.0	0.9233	-1.0	0.9874	-1.0	0.9808	-1.0	0.9998	-1.0	0.9452	-1.0	0.9856	-1.0	0.9661	-1.0	0.9899	-1.0	0.9853	-1.0	0.9599	-1.0	0.9632	-1.0	0.9956	-1.0	0.9853	-1.0	0.9505	-1.0	0.9954	-1.0	0.9929	-1.0	0.9995	-1.0	0.9924	-1.0	0.9997	-1.0	0.9861	-1.0	0.8798	-1.0	0.9949	-1.0	0.9988	-1.0	0.9999	-1.0	0.9935	-1.0	0.9986	-1.0	0.93	-1.0	0.9991	-1.0	0.9768	-1.0	0.9618	-1.0	0.99	-1.0	1.0	-1.0	0.9976	-1.0	0.9886	-1.0	0.8117	-1.0	0.9629	-1.0	0.9025	-1.0	0.9975	-1.0	0.9485	-1.0	0.877	-1.0	0.9648	-1.0	0.973	-1.0	0.9658	-1.0	0.9601	-1.0	0.9692	-1.0	0.9774	-1.0	0.9934	-1.0	0.9843	-1.0	0.8906	-1.0	0.8584	-1.0	0.9779	-1.0	0.9085	-1.0	0.9971	-1.0	0.9884	-1.0	0.9877	-1.0	0.9621	-1.0	0.9863	-1.0	0.9862	-1.0	0.9329	-1.0	0.9887	-1.0	1.0	-1.0	0.9758	-1.0	0.9647	-1.0	0.9058	-1.0	0.9285	-1.0	0.9636	-1.0	0.9829	-1.0	0.9904	-1.0	0.9692	-1.0	0.9312	-1.0	0.9998	-1.0	0.9993	-1.0	0.9956	-1.0
